,Player,Nation,Pos,Squad,Comp,Age,Born,MP,Starts,Min,90s,Goals_Against,Goals_Against_per90,Shots_on_Target_Against,Saves,Save%,W,D,L,CS,CS%,PK_attempts,PK_Allowed,PKs_Saved,PK_missed,Save%(Penalty Kicks),Gk_free_kick_goals_against,Gk_corner_kick_goals_against,Gk_own_goals_against,Gk_psxg,Gk_psxg_per_shot_on_target_against,Gk_psxg_diff,Gk_psxg_net_per90,Gk_passes_completed_launched,Gk_passes_attempted_launched,Gk_passes_pct_launched,Gk_passes,Gk_passes_throws,Gk_pct_passes_launched,Gk_passes_length_avg,Gk_goal_kicks,Gk_pct_goal_kicks_launched,Gk_goal_kick_length_avg,Gk_crosses_faced,Gk_crosses_stopped,Gk_crosses_stopped_pct,Gk_def_actions_outside_pen_area,Gk_def_actions_outside_pen_area_per90,Gk_avg_distance_def_actions,Gk_goal_kicks_launched,Gk_passes_launched,Passes_Total_Cmp,Passes_Total_Att,Passes_Total_Cmp%,Passes_TotDist,Passes_PrgDist,Passes_Short_Cmp,Passes_Short_Att,Passes_Short_Cmp%,Passes_Medium_Cmp,Passes_Medium_Att,Passes_Medium_Cmp%,Passes_Long_Cmp,Passes_Long_Att,Passes_Long_Cmp%,Assists,xAG,xA,A-xAG,Key_Passes,Passes_1/3,Passes_Penalty_Area,Crosses_Penalty_Area,Progressive_Passes,Seasons at top 5,Seasons in PL,Seasons in Liga,Seasons in Serie A,Seasons in Ligue 1,Seasons in Bundesliga
0,Gianluigi Donnarumma,it ITA,GK,Milan+Paris S-G,it Serie A+fr Ligue 1,24,1999,92,92,8269,91.9,95.0,1.03,347.0,253.0,73.0,64.0,12.0,16.0,32.0,35.0,10.0,5.0,2.0,1.0,20.0,3.0,12.0,3.0,96.5,0.28,4.5,0.05,226.0,560.0,40.0,2123.0,423.0,20.0,24.97,509.0,27.0,26.5,1168.0,73.0,6.0,77.0,1.13,45.300000000000004,136,419,2214.0,2636.0,84.0,48848.0,33469.0,677.0,680.0,100.0,1058.0,1077.0,98.0,460.0,853.0,54.0,0,0.0,0.0,0.0,0.0,12.0,0.0,0.0,1.0,3,0,0,1,2,0
1,Andrea Consigli,it ITA,GK,Sassuolo,it Serie A,36,1987,109,109,9802,108.9,174.0,1.6,473.0,301.0,64.0,42.0,29.0,38.0,19.0,17.0,17.0,15.0,2.0,0.0,12.0,0.0,19.0,4.0,148.1,0.31,-21.9,-0.2,480.0,1186.0,40.0,3473.0,533.0,28.000000000000004,30.63,771.0,28.000000000000004,28.47,1471.0,75.0,5.0,64.0,0.84,42.7,217,966,3393.0,4254.0,80.0,85188.0,56272.0,909.0,916.0,99.0,1355.0,1380.0,98.0,1099.0,1918.0,56.99999999999999,0,0.0,0.0,0.0,1.0,41.0,1.0,0.0,2.0,3,0,0,3,0,0
2,Łukasz Fabiański,pl POL,GK,West Ham,eng Premier League,38,1985,108,108,9591,106.6,142.0,1.33,454.0,314.0,69.0,44.0,22.0,42.0,26.0,24.0,15.0,7.0,5.0,3.0,33.0,2.0,15.0,7.0,133.5,0.29,-1.5,-0.01,629.0,1650.0,38.0,2151.0,471.0,53.0,39.3,798.0,65.0,47.03,1623.0,83.0,5.0,27.0,0.49,34.2,517,1130,1886.0,2958.0,64.0,61411.0,48714.0,304.0,305.0,100.0,709.0,719.0,99.0,863.0,1914.0,45.0,0,0.0,0.0,0.0,0.0,36.0,0.0,0.0,0.0,3,3,0,0,0,0
3,Ederson,br BRA,GK,Manchester City,eng Premier League,29,1993,108,108,9720,108.0,86.0,0.8,253.0,168.0,66.0,79.0,15.0,14.0,50.0,46.0,12.0,11.0,1.0,0.0,8.0,1.0,7.0,2.0,80.5,0.32,-3.5,-0.03,312.0,711.0,44.0,3059.0,473.0,19.0,27.37,443.0,32.0,32.8,895.0,59.0,7.000000000000001,99.0,1.22,51.3,140,570,3034.0,3507.0,87.0,72036.0,47228.0,697.0,700.0,100.0,1613.0,1635.0,99.0,710.0,1148.0,62.0,2,0.5,0.4,1.5,2.0,29.0,3.0,0.0,4.0,3,3,0,0,0,0
4,Florian Müller,de GER,GK,Freiburg+Stuttgart,de Bundesliga,25,1997,80,80,7200,80.0,132.0,1.65,383.0,253.0,66.0,21.0,25.0,34.0,11.0,14.000000000000002,8.0,7.0,1.0,0.0,12.0,5.0,11.0,3.0,118.8,0.31,-10.2,-0.13,355.0,1003.0,35.0,2432.0,401.0,28.000000000000004,30.17,644.0,50.0,40.9,1116.0,30.0,3.0,73.0,1.26,51.699999999999996,319,682,2362.0,3080.0,77.0,61199.0,42364.0,515.0,517.0,100.0,1198.0,1215.0,99.0,628.0,1321.0,48.0,0,0.1,0.2,-0.1,2.0,33.0,3.0,0.0,2.0,3,0,0,0,0,3
5,Wojciech Szczęsny,pl POL,GK,Juventus,it Serie A,33,1990,91,91,8119,90.2,87.0,0.96,296.0,206.0,70.0,51.0,20.0,20.0,31.0,34.0,15.0,10.0,5.0,0.0,33.0,2.0,14.0,2.0,86.4,0.29,1.4000000000000001,0.02,328.0,692.0,47.0,2306.0,419.0,24.0,30.27,504.0,27.0,30.6,1269.0,47.0,4.0,62.0,0.92,44.4,134,556,2374.0,2816.0,84.0,61866.0,40872.0,444.0,444.0,100.0,1203.0,1217.0,99.0,722.0,1135.0,64.0,1,0.1,0.1,0.9,4.0,18.0,1.0,0.0,1.0,3,0,0,3,0,0
6,Álvaro Fernández,es ESP,GK,Huesca+Brentford+Espanyol,es La Liga+eng Premier League,25,1998,45,45,4050,45.0,74.0,1.64,214.0,144.0,67.0,11.0,11.0,23.0,8.0,18.0,3.0,3.0,0.0,0.0,0.0,0.0,16.0,4.0,65.2,0.3,-4.8,-0.11,276.0,713.0,39.0,1321.0,211.0,40.0,36.83,359.0,52.0,42.97,628.0,26.0,4.0,41.0,1.24,48.5,185,526,1182.0,1691.0,70.0,35244.0,24831.0,191.0,194.0,98.0,515.0,525.0,98.0,469.0,954.0,49.0,0,0.2,0.1,-0.2,2.0,35.0,0.0,0.0,1.0,3,1,2,0,0,0
7,Aitor Fernández,es ESP,GK,Levante+Osasuna,es La Liga,32,1991,63,63,5666,63.0,92.0,1.46,278.0,188.0,68.0,19.0,21.0,23.0,13.0,21.0,5.0,4.0,1.0,0.0,20.0,1.0,14.0,3.0,77.8,0.28,-11.200000000000001,-0.18,350.0,873.0,40.0,1622.0,306.0,41.0,36.7,472.0,44.0,39.07,892.0,29.0,3.0,75.0,1.78,52.099999999999994,209,660,1494.0,2102.0,71.0,43957.0,34410.0,254.0,257.0,99.0,662.0,679.0,97.0,554.0,1132.0,49.0,0,0.0,0.1,0.0,0.0,42.0,0.0,0.0,1.0,3,0,3,0,0,0
8,Édgar Badía,es ESP,GK,Elche,es La Liga,31,1992,90,90,8100,90.0,144.0,1.6,455.0,306.0,67.0,18.0,26.0,46.0,14.0,16.0,28.0,19.0,7.0,3.0,25.0,0.0,12.0,2.0,159.3,0.35,17.3,0.19,581.0,1283.0,45.0,2254.0,416.0,36.0,34.33,791.0,60.0,44.1,1417.0,46.0,3.0,72.0,1.02,42.8,477,803,2221.0,3052.0,73.0,67655.0,51430.0,333.0,336.0,99.0,995.0,1022.0,97.0,869.0,1662.0,52.0,0,0.0,0.0,0.0,0.0,34.0,0.0,0.0,1.0,3,0,3,0,0,0
9,Mike Maignan,fr FRA,GK,Lille+Milan,fr Ligue 1+it Serie A,28,1995,92,92,8278,92.0,65.0,0.71,270.0,206.0,76.0,57.0,25.0,10.0,46.0,50.0,7.0,5.0,2.0,0.0,28.999999999999996,1.0,13.0,3.0,73.4,0.27,11.4,0.12,356.0,960.0,37.0,2555.0,477.0,28.999999999999996,31.47,474.0,48.0,40.1,1058.0,67.0,6.0,89.0,1.32,51.8,227,731,2366.0,3039.0,78.0,62258.0,43071.0,472.0,474.0,100.0,1159.0,1169.0,99.0,715.0,1364.0,52.0,2,0.5,0.2,1.5,4.0,63.0,5.0,0.0,6.0,3,0,0,2,1,0
10,Alexander Schwolow,de GER,GK,Hertha BSC+Schalke 04,de Bundesliga,31,1992,74,73,6550,72.80000000000001,148.0,2.03,369.0,221.0,60.0,17.0,19.0,37.0,14.0,19.0,15.0,15.0,0.0,0.0,0.0,3.0,14.0,0.0,126.89999999999999,0.34,-21.1,-0.29,432.0,1062.0,41.0,1993.0,332.0,35.0,34.2,598.0,61.0,48.77,1098.0,34.0,3.0,51.0,1.02,44.5,366,693,1894.0,2605.0,73.0,57293.0,41676.0,260.0,261.0,100.0,892.0,902.0,99.0,736.0,1421.0,52.0,0,0.1,0.2,-0.1,2.0,42.0,2.0,0.0,1.0,3,0,0,0,0,3
11,Vicente Guaita,es ESP,GK,Crystal Palace,eng Premier League,36,1987,94,94,8415,93.5,131.0,1.4,401.0,271.0,68.0,27.0,28.0,39.0,25.0,27.0,9.0,8.0,1.0,0.0,11.0,2.0,23.0,2.0,111.4,0.28,-17.6,-0.19,443.0,1253.0,35.0,2175.0,478.0,37.0,33.03,722.0,61.0,41.63,1400.0,62.0,4.0,60.0,0.92,42.7,439,809,1996.0,2908.0,69.0,54150.0,37498.0,497.0,501.0,99.0,811.0,826.0,98.0,653.0,1533.0,43.0,0,0.0,0.0,0.0,0.0,18.0,0.0,0.0,1.0,3,3,0,0,0,0
12,Łukasz Skorupski,pl POL,GK,Bologna,it Serie A,32,1991,101,101,9090,101.0,148.0,1.47,482.0,335.0,70.0,34.0,26.0,41.0,23.0,23.0,25.0,20.0,5.0,0.0,20.0,3.0,17.0,6.0,148.5,0.31,6.499999999999999,0.06,431.0,1087.0,40.0,2613.0,538.0,33.0,31.97,803.0,28.999999999999996,27.67,1433.0,79.0,6.0,35.0,0.58,36.8,232,852,2648.0,3428.0,77.0,66366.0,46084.0,609.0,613.0,99.0,1077.0,1101.0,98.0,814.0,1550.0,53.0,0,0.0,0.0,0.0,0.0,12.0,0.0,0.0,0.0,3,0,0,3,0,0
13,David de Gea,es ESP,GK,Manchester Utd,eng Premier League,32,1990,102,102,9135,101.5,132.0,1.3,412.0,282.0,68.0,51.0,25.0,26.0,34.0,33.0,12.0,9.0,3.0,0.0,25.0,3.0,15.0,6.0,124.5,0.3,-1.4999999999999998,-0.01,311.0,938.0,33.0,2072.0,350.0,31.0,30.97,650.0,45.0,37.37,1361.0,25.0,2.0,53.0,0.84,45.6,295,639,2007.0,2734.0,73.0,49906.0,34903.0,518.0,521.0,99.0,937.0,964.0,97.0,538.0,1221.0,44.0,0,0.1,0.2,-0.1,1.0,16.0,1.0,0.0,0.0,3,3,0,0,0,0
14,Manuel Neuer,de GER,GK,Bayern Munich,de Bundesliga,37,1986,73,73,6560,72.9,79.0,1.08,256.0,176.0,69.0,53.0,13.0,7.0,23.0,32.0,6.0,4.0,1.0,1.0,17.0,0.0,6.0,0.0,82.8,0.32,3.8000000000000003,0.05,272.0,558.0,49.0,2651.0,432.0,19.0,27.73,421.0,11.0,25.43,714.0,18.0,3.0,200.0,3.06,69.3,45,509,2680.0,3079.0,87.0,66533.0,44748.0,511.0,512.0,100.0,1400.0,1426.0,98.0,760.0,1121.0,68.0,0,0.3,0.30000000000000004,-0.3,1.0,13.0,2.0,0.0,14.0,3,0,0,0,0,3
15,Aaron Ramsdale,eng ENG,GK,Sheffield Utd+Arsenal,eng Premier League,25,1998,110,110,9900,110.0,145.0,1.32,470.0,329.0,70.0,54.0,11.0,45.0,31.0,28.000000000000004,15.0,11.0,0.0,3.0,0.0,0.0,17.0,5.0,132.5,0.28,-7.5,-0.07,506.0,1726.0,28.999999999999996,2815.0,464.0,44.0,37.33,615.0,78.0,56.27,1373.0,81.0,6.0,94.0,1.25,45.3,481,1241,2125.0,3442.0,62.0,61712.0,46719.0,457.0,468.0,98.0,953.0,973.0,98.0,707.0,1974.0,36.0,0,0.1,0.1,-0.1,2.0,100.0,3.0,0.0,9.0,3,3,0,0,0,0
16,Robin Zentner,de GER,GK,Mainz 05,de Bundesliga,28,1994,89,89,8010,89.0,127.0,1.43,371.0,244.0,66.0,30.0,23.0,36.0,22.0,25.0,16.0,12.0,2.0,1.0,12.0,2.0,9.0,2.0,115.30000000000001,0.31,-9.7,-0.11,411.0,1316.0,31.0,2262.0,511.0,41.0,36.6,680.0,56.00000000000001,46.5,1214.0,104.0,9.0,105.0,1.78,49.8,382,931,1426.0,2177.0,66.0,42616.0,31686.0,244.0,248.0,98.0,651.0,669.0,97.0,529.0,1250.0,42.0,0,0.2,0.30000000000000004,-0.2,2.0,42.0,1.0,0.0,6.0,3,0,0,0,0,3
17,Anthony Lopes,pt POR,GK,Lyon,fr Ligue 1,32,1990,104,104,9218,102.39999999999999,127.0,1.24,413.0,291.0,70.0,52.0,25.0,27.0,26.0,25.0,18.0,15.0,2.0,1.0,11.0,5.0,17.0,7.0,120.4,0.29,0.40000000000000036,0.0,377.0,918.0,41.0,2682.0,480.0,27.0,30.5,651.0,31.0,32.93,1269.0,46.0,4.0,88.0,1.1,46.8,205,712,2714.0,3338.0,81.0,70547.0,48991.0,500.0,503.0,99.0,1431.0,1439.0,99.0,774.0,1378.0,56.00000000000001,0,0.0,0.1,0.0,0.0,24.0,1.0,0.0,10.0,3,0,0,0,3,0
18,Koen Casteels,be BEL,GK,Wolfsburg,de Bundesliga,31,1992,94,94,8460,94.0,121.0,1.29,373.0,251.0,67.0,41.0,25.0,28.0,36.0,38.0,18.0,10.0,5.0,2.0,28.000000000000004,1.0,11.0,4.0,118.6,0.32,1.6,0.02,613.0,1420.0,43.0,3247.0,484.0,32.0,32.87,665.0,56.99999999999999,46.0,1352.0,85.0,6.0,87.0,1.47,48.6,378,1042,3014.0,3917.0,77.0,87952.0,60449.0,454.0,456.0,100.0,1415.0,1432.0,99.0,1139.0,2015.0,56.99999999999999,1,0.7,0.2,0.3,1.0,67.0,0.0,0.0,3.0,3,0,0,0,0,3
19,Jonas Omlin,ch SUI,GK,Montpellier+Montpellier+M'Gladbach,fr Ligue 1+fr Ligue 1+de Bundesliga,29,1994,89,89,7716,85.7,136.0,1.59,442.0,309.0,70.0,30.0,19.0,40.0,17.0,19.0,21.0,19.0,2.0,0.0,10.0,0.0,7.0,5.0,135.9,0.31,4.9,0.06,443.0,1124.0,39.0,2513.0,505.0,30.0,32.0,693.0,52.0,42.37,1337.0,90.0,7.000000000000001,43.0,0.88,40.3,359,762,2439.0,3209.0,76.0,67103.0,48421.0,429.0,436.0,98.0,1243.0,1262.0,98.0,759.0,1494.0,51.0,0,0.4,0.0,-0.4,2.0,25.0,1.0,0.0,0.0,3,0,0,0,3,1
20,Lorenzo Montipò,it ITA,GK,Benevento+Hellas Verona,it Serie A,27,1996,108,108,9720,108.0,183.0,1.69,490.0,315.0,64.0,27.0,30.0,51.0,16.0,15.0,10.0,7.0,3.0,0.0,30.0,2.0,19.0,11.0,152.5,0.31,-19.5,-0.18,753.0,1930.0,39.0,2604.0,422.0,54.0,41.13,786.0,66.0,47.33,1611.0,66.0,4.0,44.0,0.92,40.0,520,1408,2087.0,3407.0,61.0,71959.0,56638.0,290.0,292.0,99.0,737.0,761.0,97.0,1046.0,2321.0,45.0,0,0.0,0.30000000000000004,0.0,0.0,94.0,1.0,0.0,1.0,3,0,0,3,0,0
21,Jeremías Ledesma,ar ARG,GK,Cádiz,es La Liga,30,1993,104,104,9360,104.0,144.0,1.38,476.0,329.0,69.0,27.0,36.0,41.0,34.0,33.0,31.0,27.0,4.0,0.0,13.0,3.0,19.0,1.0,144.6,0.3,1.6,0.02,850.0,2361.0,36.0,2372.0,314.0,66.0,47.1,895.0,89.0,63.13,1693.0,115.0,7.000000000000001,49.0,0.72,34.400000000000006,793,1565,1671.0,3281.0,51.0,69401.0,60373.0,145.0,149.0,97.0,489.0,511.0,96.0,1030.0,2594.0,40.0,0,0.0,0.30000000000000004,0.0,3.0,133.0,3.0,0.0,1.0,3,0,3,0,0,0
22,Benoît Costil,fr FRA,GK,Bordeaux+Auxerre,fr Ligue 1,36,1987,82,82,7380,82.0,159.0,1.94,385.0,227.0,59.0,19.0,18.0,45.0,16.0,20.0,16.0,15.0,1.0,0.0,6.0,3.0,14.0,2.0,126.30000000000001,0.33,-30.7,-0.37,577.0,1326.0,44.0,2174.0,294.0,40.0,35.8,647.0,69.0,49.07,1200.0,28.0,2.0,69.0,0.98,43.199999999999996,445,878,1983.0,2826.0,70.0,62861.0,48671.0,258.0,258.0,100.0,843.0,863.0,98.0,875.0,1692.0,52.0,0,0.0,0.1,0.0,1.0,39.0,2.0,0.0,6.0,3,0,0,0,3,0
23,Thibaut Courtois,be BEL,GK,Real Madrid,es La Liga,31,1992,105,105,9450,105.0,86.0,0.82,354.0,267.0,75.0,71.0,21.0,13.0,43.0,41.0,16.0,13.0,3.0,0.0,19.0,1.0,6.0,1.0,95.7,0.27,10.7,0.1,246.0,765.0,32.0,3004.0,625.0,20.0,28.7,586.0,28.999999999999996,33.47,1305.0,79.0,6.0,75.0,1.1,46.6,168,593,3003.0,3596.0,84.0,72038.0,45913.0,602.0,605.0,100.0,1756.0,1779.0,99.0,633.0,1192.0,53.0,0,0.4,0.0,-0.4,2.0,23.0,2.0,0.0,1.0,3,0,3,0,0,0
24,Illan Meslier,fr FRA,GK,Leeds United,eng Premier League,23,2000,107,107,9594,106.6,198.0,1.86,566.0,371.0,66.0,32.0,25.0,50.0,21.0,20.0,17.0,16.0,1.0,0.0,6.0,5.0,28.0,4.0,162.0,0.29,-32.0,-0.3,314.0,1164.0,27.0,2994.0,754.0,28.000000000000004,30.13,797.0,42.0,35.4,1317.0,81.0,6.0,64.0,1.22,41.900000000000006,331,830,2810.0,3800.0,74.0,66270.0,39428.0,655.0,667.0,98.0,1491.0,1520.0,98.0,653.0,1589.0,41.0,0,0.0,0.0,0.0,1.0,18.0,1.0,0.0,0.0,3,3,0,0,0,0
25,Alban Lafont,fr FRA,GK,Nantes,fr Ligue 1,24,1999,113,113,10169,113.0,157.0,1.39,502.0,347.0,69.0,31.0,37.0,45.0,24.0,21.0,28.0,23.0,4.0,1.0,14.000000000000002,3.0,19.0,6.0,158.39999999999998,0.32,7.4,0.07,594.0,1764.0,34.0,2630.0,470.0,44.0,38.2,792.0,75.0,53.2,1491.0,92.0,6.0,92.0,1.16,42.1,597,1163,2172.0,3429.0,63.0,68999.0,54980.0,298.0,301.0,99.0,969.0,989.0,98.0,901.0,2125.0,42.0,0,0.1,0.30000000000000004,-0.1,1.0,61.0,2.0,0.0,1.0,3,0,0,0,3,0
26,Fernando Pacheco,es ESP,GK,Alavés+Almería+Espanyol,es La Liga,31,1992,89,88,7932,88.1,152.0,1.73,382.0,226.0,59.0,21.0,19.0,48.0,17.0,19.0,16.0,12.0,4.0,0.0,25.0,0.0,18.0,0.0,131.10000000000002,0.34,-20.9,-0.24,766.0,1578.0,49.0,1941.0,261.0,55.00000000000001,41.0,748.0,68.0,46.0,1338.0,59.0,4.0,80.0,1.15,44.35,508,1065,1816.0,2703.0,67.0,64933.0,53811.0,247.0,249.0,99.0,622.0,635.0,98.0,944.0,1801.0,52.0,0,0.5,0.30000000000000004,-0.5,5.0,95.0,3.0,0.0,2.0,3,0,3,0,0,0
27,Predrag Rajković,rs SRB,GK,Reims+Mallorca,fr Ligue 1+es La Liga,27,1995,111,111,9945,110.5,133.0,1.2,456.0,320.0,70.0,33.0,36.0,42.0,33.0,30.0,21.0,15.0,4.0,3.0,19.0,2.0,18.0,1.0,132.0,0.29,-2.220446049250313e-16,-0.0,666.0,1905.0,35.0,2980.0,501.0,45.0,38.93,934.0,60.0,46.47,1827.0,80.0,4.0,87.0,0.96,41.0,559,1343,2581.0,3927.0,66.0,80468.0,58737.0,367.0,369.0,99.0,1145.0,1165.0,98.0,1048.0,2357.0,44.0,0,0.5,0.5,-0.5,6.0,103.0,6.0,0.0,4.0,3,0,1,0,2,0
28,Marco Silvestri,it ITA,GK,Hellas Verona+Udinese,it Serie A,32,1991,107,107,9630,107.0,140.0,1.31,409.0,274.0,67.0,32.0,36.0,39.0,24.0,22.0,21.0,17.0,0.0,5.0,0.0,3.0,13.0,5.0,130.8,0.32,-4.2,-0.04,502.0,1489.0,34.0,2243.0,325.0,46.0,37.27,820.0,56.00000000000001,43.5,1453.0,38.0,3.0,30.0,0.48,35.599999999999994,457,1030,1998.0,3082.0,65.0,58341.0,46548.0,403.0,403.0,100.0,894.0,906.0,99.0,691.0,1741.0,40.0,0,0.0,0.1,0.0,2.0,41.0,0.0,0.0,0.0,3,0,0,3,0,0
29,Rui Patrício,pt POR,GK,Wolves+Roma,eng Premier League+it Serie A,35,1988,110,110,9899,110.0,129.0,1.17,402.0,276.0,69.0,47.0,26.0,37.0,38.0,35.0,17.0,14.0,3.0,0.0,18.0,4.0,17.0,6.0,115.1,0.29,-7.9,-0.07,469.0,1104.0,42.0,2038.0,408.0,39.0,34.43,730.0,41.0,34.37,1353.0,49.0,4.0,38.0,0.57,38.7,302,800,2067.0,2778.0,74.0,57837.0,40732.0,412.0,414.0,100.0,880.0,892.0,99.0,757.0,1442.0,52.0,0,0.0,0.0,0.0,0.0,13.0,0.0,0.0,2.0,3,1,0,2,0,0
30,Pau López,es ESP,GK,Roma+Marseille,it Serie A+fr Ligue 1,28,1994,83,81,7352,81.7,94.0,1.15,294.0,204.0,69.0,46.0,14.0,21.0,24.0,28.999999999999996,12.0,12.0,0.0,0.0,0.0,1.0,15.0,4.0,89.1,0.3,-0.9000000000000001,-0.01,250.0,738.0,34.0,2669.0,384.0,21.0,28.67,440.0,40.0,36.47,815.0,48.0,6.0,76.0,1.38,52.4,177,558,2546.0,3113.0,82.0,61934.0,38777.0,549.0,551.0,100.0,1366.0,1383.0,99.0,625.0,1167.0,54.0,3,1.1,0.4,1.9000000000000001,4.0,32.0,1.0,0.0,5.0,3,0,0,1,2,0
31,Oliver Baumann,de GER,GK,Hoffenheim,de Bundesliga,33,1990,98,98,8820,98.0,165.0,1.68,448.0,284.0,63.0,32.0,21.0,45.0,19.0,19.0,16.0,10.0,3.0,3.0,19.0,1.0,24.0,4.0,151.3,0.34,-9.7,-0.1,478.0,1325.0,36.0,3609.0,529.0,30.0,30.83,669.0,36.0,33.37,1366.0,84.0,6.0,118.0,1.64,48.4,239,1082,3342.0,4289.0,78.0,81814.0,56426.0,903.0,904.0,100.0,1564.0,1583.0,99.0,835.0,1746.0,48.0,0,0.0,0.30000000000000004,0.0,1.0,61.0,1.0,0.0,3.0,3,0,0,0,0,3
32,Álex Remiro,es ESP,GK,Real Sociedad,es La Liga,28,1995,111,111,9990,111.0,105.0,0.95,350.0,245.0,70.0,53.0,30.0,28.0,48.0,43.0,12.0,8.0,3.0,1.0,25.0,2.0,12.0,3.0,99.2,0.28,-2.8000000000000003,-0.03,643.0,1558.0,41.0,3103.0,395.0,37.0,34.63,674.0,61.0,48.7,1333.0,45.0,3.0,95.0,1.28,49.6,411,1144,2762.0,3791.0,73.0,80641.0,59224.0,461.0,465.0,99.0,1296.0,1327.0,98.0,1003.0,1982.0,51.0,0,0.0,0.2,0.0,1.0,56.0,0.0,0.0,2.0,3,0,3,0,0,0
33,Ivan Provedel,it ITA,GK,Spezia+Lazio,it Serie A,29,1994,98,97,8784,97.6,137.0,1.4,424.0,290.0,68.0,36.0,23.0,38.0,32.0,33.0,20.0,16.0,1.0,4.0,5.0,4.0,13.0,4.0,127.0,0.3,-6.0,-0.06,549.0,1478.0,37.0,3322.0,431.0,35.0,35.5,584.0,51.0,42.3,1267.0,58.0,5.0,71.0,1.29,45.5,296,1179,2839.0,3926.0,72.0,82314.0,57838.0,469.0,473.0,99.0,1170.0,1204.0,97.0,1187.0,2216.0,54.0,0,0.0,0.2,0.0,1.0,63.0,2.0,0.0,2.0,3,0,0,3,0,0
34,Nick Pope,eng ENG,GK,Burnley+Newcastle Utd,eng Premier League,31,1992,105,105,9381,104.2,116.0,1.11,432.0,317.0,73.0,36.0,36.0,33.0,34.0,32.0,13.0,10.0,2.0,0.0,15.0,1.0,18.0,3.0,115.8,0.27,2.8,0.03,693.0,1874.0,37.0,2200.0,515.0,56.99999999999999,41.83,741.0,83.0,56.93,1539.0,112.0,7.000000000000001,153.0,2.18,53.7,613,1259,1675.0,2967.0,56.00000000000001,62038.0,51576.0,191.0,197.0,97.0,547.0,568.0,96.0,931.0,2168.0,43.0,0,0.30000000000000004,0.30000000000000004,-0.30000000000000004,6.0,99.0,4.0,0.0,2.0,3,3,0,0,0,0
35,Jordan Pickford,eng ENG,GK,Everton,eng Premier League,29,1994,103,103,9222,102.5,154.0,1.5,479.0,329.0,69.0,32.0,23.0,48.0,25.0,24.0,10.0,8.0,1.0,1.0,10.0,5.0,19.0,5.0,149.6,0.31,0.6000000000000001,0.01,772.0,2173.0,36.0,2816.0,421.0,56.00000000000001,42.4,780.0,74.0,55.2,1552.0,65.0,4.0,66.0,1.15,44.400000000000006,579,1589,2123.0,3613.0,59.0,71677.0,57239.0,442.0,445.0,99.0,694.0,705.0,98.0,970.0,2426.0,40.0,1,0.2,0.7000000000000001,0.8,7.0,149.0,5.0,0.0,2.0,3,3,0,0,0,0
36,Pepe Reina,es ESP,GK,Lazio+Villarreal,it Serie A+es La Liga,40,1982,66,66,5940,66.0,97.0,1.47,260.0,166.0,64.0,37.0,10.0,19.0,16.0,24.0,17.0,16.0,0.0,2.0,0.0,0.0,11.0,3.0,90.0,0.35,-4.0,-0.06,261.0,635.0,41.0,2148.0,310.0,25.0,29.8,362.0,28.999999999999996,30.43,873.0,34.0,4.0,27.0,0.71,42.1,105,528,2042.0,2514.0,81.0,51043.0,37398.0,429.0,433.0,99.0,1022.0,1045.0,98.0,581.0,1021.0,56.99999999999999,1,1.1,0.1,-0.09999999999999998,3.0,21.0,1.0,0.0,2.0,3,0,1,2,0,0
37,Robert Sánchez,es ESP,GK,Brighton,eng Premier League,25,1997,87,87,7829,87.0,99.0,1.14,306.0,210.0,69.0,30.0,30.0,27.0,27.0,31.0,13.0,10.0,1.0,3.0,8.0,1.0,14.0,4.0,88.4,0.29,-6.6,-0.08,369.0,1177.0,31.0,2855.0,407.0,31.0,31.83,542.0,53.0,41.7,1086.0,99.0,9.0,65.0,0.9,39.7,287,885,2498.0,3412.0,73.0,63683.0,39738.0,557.0,560.0,99.0,1297.0,1324.0,98.0,631.0,1492.0,42.0,0,0.4,0.2,-0.4,4.0,58.0,0.0,0.0,2.0,3,3,0,0,0,0
38,Marc-André ter Stegen,de GER,GK,Barcelona,es La Liga,31,1992,104,104,9287,103.2,84.0,0.81,313.0,233.0,74.0,68.0,18.0,18.0,48.0,46.0,9.0,8.0,1.0,0.0,11.0,1.0,12.0,5.0,82.4,0.26,3.3999999999999995,0.03,376.0,761.0,49.0,3168.0,488.0,18.0,27.43,563.0,31.0,33.57,993.0,50.0,5.0,66.0,1.04,47.5,174,584,3231.0,3736.0,86.0,80575.0,56095.0,652.0,660.0,99.0,1678.0,1712.0,98.0,890.0,1347.0,66.0,0,0.4,0.0,-0.4,5.0,27.0,0.0,0.0,7.0,3,0,3,0,0,0
39,Rafał Gikiewicz,pl POL,GK,Augsburg,de Bundesliga,35,1987,91,91,8190,91.0,151.0,1.66,470.0,321.0,68.0,28.0,17.0,46.0,21.0,23.0,18.0,12.0,3.0,2.0,17.0,2.0,8.0,5.0,146.8,0.31,0.8000000000000003,0.01,611.0,1596.0,38.0,2954.0,486.0,37.0,34.53,818.0,60.0,47.1,1514.0,78.0,5.0,87.0,1.45,49.400000000000006,493,1100,2641.0,3786.0,70.0,78690.0,56068.0,402.0,409.0,98.0,1246.0,1277.0,98.0,984.0,2075.0,47.0,0,0.1,0.30000000000000004,-0.1,2.0,62.0,2.0,0.0,1.0,3,0,0,0,0,3
40,Alisson,br BRA,GK,Liverpool,eng Premier League,30,1992,106,106,9540,106.0,99.0,0.93,361.0,263.0,73.0,64.0,24.0,18.0,44.0,42.0,12.0,6.0,2.0,3.0,17.0,1.0,7.0,3.0,110.5,0.31,14.5,0.14,304.0,735.0,41.0,3452.0,586.0,17.0,26.3,538.0,28.999999999999996,31.7,1078.0,65.0,6.0,176.0,2.5,57.099999999999994,154,577,3455.0,3998.0,86.0,80082.0,51005.0,805.0,810.0,99.0,1921.0,1955.0,98.0,713.0,1208.0,59.0,2,0.5,0.0,1.5,2.0,36.0,2.0,0.0,5.0,3,3,0,0,0,0
41,Samir Handanović,si SVN,GK,Inter,it Serie A,39,1984,88,88,7804,86.7,81.0,0.93,286.0,206.0,72.0,61.0,16.0,11.0,33.0,38.0,11.0,9.0,2.0,0.0,18.0,1.0,7.0,3.0,79.80000000000001,0.28,1.8000000000000003,0.02,275.0,588.0,47.0,2537.0,406.0,20.0,26.5,380.0,21.0,27.6,983.0,30.0,3.0,32.0,0.48,41.5,80,504,2535.0,2922.0,87.0,59728.0,40106.0,653.0,655.0,100.0,1285.0,1298.0,99.0,583.0,946.0,62.0,0,0.0,0.1,0.0,1.0,25.0,1.0,0.0,0.0,3,0,0,3,0,0
42,Kevin Trapp,de GER,GK,Eint Frankfurt,de Bundesliga,33,1990,98,98,8820,98.0,149.0,1.52,437.0,291.0,67.0,38.0,33.0,27.0,15.0,15.0,12.0,10.0,1.0,1.0,8.0,2.0,15.0,4.0,137.7,0.32,-7.300000000000001,-0.07,459.0,1439.0,32.0,2753.0,437.0,41.0,34.6,734.0,42.0,39.43,1286.0,50.0,4.0,94.0,1.2,46.49999999999999,311,1126,2392.0,3504.0,68.0,64389.0,47248.0,516.0,519.0,99.0,1156.0,1179.0,98.0,705.0,1774.0,40.0,0,0.0,0.1,0.0,0.0,45.0,0.0,0.0,0.0,3,0,0,0,0,3
43,David Soria,es ESP,GK,Getafe,es La Liga,30,1993,104,104,9354,103.9,117.0,1.13,379.0,262.0,69.0,24.0,35.0,45.0,36.0,35.0,19.0,12.0,6.0,2.0,32.0,0.0,15.0,6.0,115.1,0.3,4.1,0.04,1066.0,2497.0,43.0,2330.0,215.0,76.0,49.37,834.0,88.0,56.5,1474.0,73.0,5.0,91.0,1.32,48.5,730,1765,1656.0,3181.0,52.0,74788.0,66570.0,87.0,89.0,98.0,353.0,370.0,95.0,1216.0,2702.0,45.0,0,0.2,0.4,-0.2,4.0,148.0,5.0,0.0,1.0,3,0,3,0,0,0
44,Kasper Schmeichel,dk DEN,GK,Leicester City+Nice,eng Premier League+fr Ligue 1,36,1986,111,111,9990,111.0,143.0,1.29,464.0,321.0,69.0,48.0,28.0,35.0,29.0,26.0,18.0,14.0,3.0,0.0,17.0,3.0,28.0,3.0,133.6,0.29,-6.3999999999999995,-0.06,523.0,1299.0,40.0,2946.0,466.0,33.0,33.33,779.0,42.0,37.03,1472.0,59.0,4.0,57.0,0.72,41.3,325,971,2790.0,3733.0,75.0,77382.0,52703.0,450.0,453.0,99.0,1349.0,1381.0,98.0,979.0,1877.0,52.0,0,0.4,0.0,-0.4,3.0,25.0,1.0,0.0,2.0,3,2,0,0,1,0
45,Emil Audero,it ITA,GK,Sampdoria,it Serie A,26,1997,91,91,8140,90.4,141.0,1.56,424.0,282.0,67.0,24.0,18.0,49.0,15.0,16.0,18.0,13.0,5.0,0.0,28.000000000000004,2.0,14.0,4.0,127.3,0.3,-9.7,-0.11,575.0,1456.0,39.0,2486.0,404.0,41.0,36.8,671.0,63.0,45.7,1337.0,58.0,4.0,59.0,0.91,42.2,423,1030,2200.0,3171.0,69.0,68256.0,50192.0,320.0,321.0,100.0,921.0,939.0,98.0,954.0,1889.0,51.0,1,0.7,0.2,0.30000000000000004,3.0,48.0,1.0,0.0,0.0,3,0,0,3,0,0
46,Keylor Navas,cr CRC,GK,Paris S-G+Nott'ham Forest,fr Ligue 1+eng Premier League,36,1986,67,67,5905,65.6,68.0,1.04,253.0,184.0,73.0,38.0,13.0,16.0,22.0,33.0,8.0,7.0,1.0,0.0,12.0,1.0,7.0,0.0,73.6,0.29,5.6000000000000005,0.09,194.0,517.0,38.0,1365.0,280.0,27.0,31.0,453.0,34.0,32.33,842.0,19.0,2.0,45.0,0.82,42.10000000000001,152,362,1459.0,1823.0,80.0,36602.0,26290.0,318.0,320.0,99.0,743.0,750.0,99.0,392.0,741.0,53.0,0,0.0,0.0,0.0,0.0,8.0,0.0,0.0,2.0,3,1,0,0,2,0
47,Hugo Lloris,fr FRA,GK,Tottenham,eng Premier League,36,1986,101,101,9045,100.5,124.0,1.23,409.0,290.0,71.0,53.0,16.0,32.0,35.0,35.0,13.0,13.0,0.0,0.0,0.0,1.0,11.0,5.0,117.1,0.29,-1.8999999999999995,-0.02,351.0,905.0,39.0,2029.0,450.0,34.0,31.6,728.0,30.0,26.8,1479.0,76.0,5.0,69.0,0.98,41.099999999999994,218,684,2129.0,2764.0,77.0,51817.0,34836.0,683.0,694.0,98.0,836.0,846.0,99.0,586.0,1191.0,49.0,0,0.2,0.1,-0.2,2.0,35.0,1.0,0.0,0.0,3,3,0,0,0,0
48,Sergio Herrera,es ESP,GK,Osasuna,es La Liga,30,1993,86,85,7728,85.9,111.0,1.29,344.0,231.0,67.0,27.0,21.0,37.0,25.0,28.999999999999996,18.0,9.0,6.0,1.0,33.0,1.0,18.0,4.0,109.0,0.32,2.0,0.02,928.0,2092.0,44.0,2219.0,218.0,68.0,45.73,700.0,84.0,55.97,1277.0,68.0,5.0,133.0,1.78,54.1,589,1499,1670.0,2927.0,56.99999999999999,70489.0,62002.0,111.0,113.0,98.0,465.0,489.0,95.0,1093.0,2313.0,47.0,0,0.2,0.30000000000000004,-0.2,3.0,158.0,2.0,0.0,1.0,3,0,3,0,0,0
49,Unai Simón,es ESP,GK,Athletic Club,es La Liga,26,1997,102,102,9135,101.5,108.0,1.06,323.0,219.0,68.0,37.0,30.0,35.0,30.0,28.999999999999996,12.0,11.0,1.0,0.0,8.0,2.0,9.0,5.0,99.60000000000001,0.31,-3.4,-0.03,484.0,1211.0,40.0,2253.0,547.0,34.0,34.07,692.0,63.0,48.17,1423.0,71.0,5.0,69.0,1.07,47.8,434,773,2115.0,2950.0,72.0,62403.0,47266.0,334.0,336.0,99.0,1038.0,1060.0,98.0,739.0,1543.0,48.0,0,0.0,0.1,0.0,2.0,54.0,3.0,0.0,4.0,3,0,3,0,0,0
50,Emiliano Martínez,ar ARG,GK,Aston Villa,eng Premier League,30,1992,110,110,9799,108.9,132.0,1.21,458.0,323.0,71.0,46.0,20.0,44.0,37.0,34.0,17.0,13.0,3.0,2.0,18.0,5.0,15.0,7.0,127.9,0.28,2.9000000000000004,0.03,592.0,1568.0,38.0,3053.0,474.0,39.0,34.57,740.0,50.0,40.6,1570.0,136.0,9.0,67.0,1.29,46.2,373,1191,2722.0,3810.0,71.0,75058.0,52476.0,551.0,555.0,99.0,1327.0,1348.0,98.0,837.0,1880.0,45.0,0,0.4,0.3,-0.4,4.0,62.0,1.0,0.0,0.0,3,3,0,0,0,0
51,Yassine Bounou,ma MAR,GK,Sevilla,es La Liga,32,1991,89,89,7911,87.9,93.0,1.06,312.0,219.0,70.0,42.0,24.0,23.0,32.0,36.0,13.0,8.0,4.0,2.0,31.0,3.0,13.0,4.0,91.7,0.29,2.7,0.03,433.0,1062.0,41.0,2509.0,355.0,30.0,32.0,603.0,53.0,41.33,1178.0,73.0,6.0,58.0,1.1,45.2,319,741,2398.0,3117.0,77.0,66015.0,41116.0,391.0,392.0,100.0,1229.0,1248.0,98.0,774.0,1464.0,53.0,2,0.6,0.0,1.4,3.0,23.0,0.0,0.0,1.0,3,0,3,0,0,0
52,Rui Silva,pt POR,GK,Granada+Betis,es La Liga,29,1994,80,79,7184,79.8,108.0,1.35,317.0,207.0,65.0,35.0,14.0,30.0,25.0,31.0,14.0,9.0,4.0,1.0,28.999999999999996,3.0,11.0,2.0,102.0,0.32,-4.0,-0.05,510.0,1398.0,36.0,2031.0,277.0,47.0,37.53,655.0,67.0,48.27,1171.0,46.0,4.0,83.0,1.5,51.1,439,956,1713.0,2700.0,63.0,54514.0,42079.0,264.0,267.0,99.0,709.0,728.0,97.0,732.0,1681.0,44.0,0,0.0,0.30000000000000004,0.0,1.0,57.0,1.0,0.0,0.0,3,0,3,0,0,0
53,Gregor Kobel,ch SUI,GK,Stuttgart+Dortmund,de Bundesliga,25,1997,89,89,7965,88.5,125.0,1.41,386.0,263.0,68.0,50.0,15.0,24.0,23.0,26.0,11.0,9.0,2.0,0.0,18.0,3.0,13.0,4.0,123.6,0.32,2.5999999999999996,0.03,303.0,807.0,38.0,2631.0,471.0,23.0,28.2,657.0,30.0,32.37,1097.0,49.0,4.0,91.0,1.45,49.1,197,608,2720.0,3295.0,83.0,63697.0,41844.0,758.0,758.0,100.0,1318.0,1332.0,99.0,605.0,1156.0,52.0,0,0.1,0.2,-0.1,1.0,31.0,2.0,0.0,1.0,3,0,0,0,0,3
54,Jan Oblak,si SVN,GK,Atlético Madrid,es La Liga,30,1993,104,104,9332,103.7,88.0,0.85,307.0,222.0,72.0,64.0,21.0,19.0,41.0,39.0,14.0,9.0,3.0,1.0,21.0,3.0,10.0,6.0,87.30000000000001,0.28,5.299999999999999,0.05,492.0,1511.0,33.0,2106.0,401.0,47.0,38.07,804.0,64.0,46.83,1348.0,66.0,5.0,56.0,0.72,43.7,517,992,1820.0,2916.0,62.0,56436.0,42339.0,278.0,279.0,100.0,725.0,734.0,99.0,805.0,1884.0,43.0,0,0.0,0.0,0.0,0.0,25.0,1.0,0.0,0.0,3,0,3,0,0,0
55,Luigi Sepe,it ITA,GK,Parma+Salernitana,it Serie A,32,1991,69,69,6162,68.5,127.0,1.85,346.0,219.0,63.0,11.0,24.0,34.0,9.0,13.0,12.0,9.0,3.0,0.0,25.0,0.0,9.0,3.0,111.7,0.32,-12.3,-0.18,540.0,1148.0,47.0,2088.0,311.0,42.0,37.03,558.0,47.0,41.33,1076.0,42.0,4.0,37.0,0.73,44.099999999999994,265,877,1986.0,2659.0,75.0,60622.0,48340.0,352.0,357.0,99.0,811.0,821.0,99.0,810.0,1455.0,56.00000000000001,0,0.0,0.2,0.0,0.0,64.0,1.0,0.0,2.0,3,0,0,3,0,0
56,Claudio Bravo,cl CHI,GK,Betis,es La Liga,40,1983,49,49,4336,48.2,53.0,1.1,173.0,122.0,71.0,21.0,17.0,11.0,16.0,33.0,7.0,6.0,1.0,0.0,14.000000000000002,0.0,2.0,3.0,53.6,0.31,3.6,0.07,301.0,825.0,36.0,1211.0,177.0,50.0,39.2,329.0,66.0,49.63,751.0,21.0,3.0,25.0,0.64,36.1,218,603,986.0,1547.0,64.0,30819.0,23132.0,177.0,177.0,100.0,392.0,400.0,98.0,405.0,951.0,43.0,0,0.2,0.0,-0.2,4.0,27.0,2.0,0.0,2.0,3,0,3,0,0,0
57,Paul Bernardoni,fr FRA,GK,Angers+Angers+Saint-Étienne,fr Ligue 1,26,1997,97,97,8730,97.0,176.0,1.81,421.0,251.0,60.0,22.0,23.0,52.0,19.0,20.0,25.0,23.0,1.0,0.0,4.0,4.0,22.0,6.0,152.2,0.36,-17.799999999999997,-0.18,370.0,1162.0,32.0,1875.0,543.0,39.0,34.73,688.0,63.0,45.88,1263.0,80.0,6.0,87.0,1.08,38.4,433,726,1328.0,2019.0,66.0,40068.0,30782.0,209.0,211.0,99.0,605.0,620.0,98.0,509.0,1175.0,43.0,0,0.0,0.0,0.0,1.0,24.0,0.0,0.0,0.0,3,0,0,0,3,0
58,Lukáš Hrádecký,fi FIN,GK,Leverkusen,de Bundesliga,33,1989,94,94,8414,93.5,120.0,1.28,379.0,261.0,69.0,44.0,24.0,26.0,25.0,27.0,13.0,10.0,2.0,2.0,15.0,4.0,11.0,4.0,109.8,0.29,-6.2,-0.07,396.0,1173.0,34.0,3157.0,500.0,28.999999999999996,31.37,591.0,40.0,36.3,1111.0,64.0,6.0,103.0,1.38,49.800000000000004,239,930,2839.0,3758.0,76.0,73235.0,52878.0,576.0,579.0,99.0,1400.0,1424.0,98.0,856.0,1734.0,49.0,0,0.0,0.30000000000000004,0.0,1.0,28.0,1.0,0.0,2.0,3,0,0,0,0,3
59,Juan Musso,ar ARG,GK,Udinese+Atalanta,it Serie A,29,1994,92,92,8156,90.69999999999999,120.0,1.32,357.0,242.0,68.0,38.0,22.0,32.0,23.0,25.0,19.0,18.0,0.0,2.0,0.0,2.0,7.0,5.0,110.2,0.31,-4.8,-0.05,421.0,1004.0,42.0,2051.0,493.0,32.0,32.1,619.0,56.00000000000001,44.33,1045.0,68.0,7.000000000000001,57.0,0.89,45.4,344,655,1997.0,2680.0,75.0,56196.0,39856.0,360.0,360.0,100.0,928.0,943.0,98.0,689.0,1342.0,51.0,0,0.1,0.0,-0.1,1.0,17.0,0.0,0.0,0.0,3,0,0,3,0,0
60,Yann Sommer,ch SUI,GK,M'Gladbach+Bayern Munich+M'Gladbach,de Bundesliga,34,1988,93,93,8292,92.1,149.0,1.62,429.0,279.0,65.0,39.0,25.0,29.0,19.0,20.0,20.0,18.0,2.0,0.0,10.0,3.0,11.0,1.0,137.6,0.32,-10.4,-0.11,363.0,996.0,36.0,3407.0,420.0,24.0,28.88,621.0,30.0,31.48,1199.0,43.0,4.0,83.0,1.34,48.35,185,806,3262.0,4040.0,81.0,78493.0,50549.0,755.0,759.0,99.0,1704.0,1730.0,98.0,784.0,1516.0,52.0,1,0.4,0.1,0.6,1.0,26.0,1.0,0.0,5.0,3,0,0,0,0,3
61,Marvin Schwäbe,de GER,GK,Köln,de Bundesliga,27,1995,55,55,4950,55.0,82.0,1.49,227.0,147.0,65.0,20.0,16.0,19.0,9.0,16.0,6.0,4.0,2.0,0.0,33.0,6.0,7.0,4.0,73.69999999999999,0.32,-4.299999999999999,-0.08,261.0,655.0,40.0,2057.0,205.0,27.0,30.05,329.0,33.0,34.55,751.0,28.0,4.0,37.0,0.67,13.5,107,546,1920.0,2391.0,80.0,49275.0,32507.0,350.0,353.0,99.0,1068.0,1083.0,99.0,499.0,943.0,53.0,0,0.0,0.1,0.0,0.0,30.0,3.0,0.0,1.0,2,0,0,0,0,2
62,Gauthier Gallon,fr FRA,GK,Troyes,fr Ligue 1,29,1993,61,61,5457,60.6,110.0,1.82,312.0,206.0,66.0,11.0,17.0,33.0,8.0,13.0,13.0,13.0,0.0,0.0,0.0,1.0,15.0,4.0,100.19999999999999,0.32,-5.8,-0.1,290.0,843.0,34.0,1521.0,303.0,37.0,33.95,487.0,56.99999999999999,42.25,907.0,52.0,6.0,34.0,0.56,11.65,276,564,1388.0,2013.0,69.0,38220.0,28246.0,289.0,292.0,99.0,615.0,627.0,98.0,461.0,1065.0,43.0,0,0.0,0.0,0.0,1.0,23.0,0.0,0.0,0.0,2,0,0,0,2,0
63,Pietro Terracciano,it ITA,GK,Fiorentina,it Serie A,32,1990,61,60,5472,60.8,81.0,1.33,196.0,117.0,60.0,25.0,13.0,22.0,14.0,23.0,10.0,8.0,2.0,0.0,20.0,0.0,5.0,4.0,64.7,0.33,-12.3,-0.2,352.0,839.0,42.0,2227.0,254.0,31.0,32.7,368.0,41.0,37.1,562.0,34.0,6.0,106.0,1.74,17.55,150,688,2033.0,2603.0,78.0,57104.0,37205.0,334.0,340.0,98.0,915.0,930.0,98.0,778.0,1316.0,59.0,0,0.0,0.1,0.0,1.0,39.0,1.0,0.0,1.0,2,0,0,2,0,0
64,Matz Sels,be BEL,GK,Strasbourg,fr Ligue 1,30,1992,75,75,6750,75.0,102.0,1.36,304.0,203.0,67.0,25.0,25.0,25.0,19.0,25.0,15.0,14.0,0.0,1.0,0.0,1.0,11.0,1.0,91.5,0.3,-9.5,-0.13,323.0,856.0,38.0,1493.0,275.0,42.0,35.599999999999994,435.0,52.0,42.25,980.0,44.0,4.0,71.0,0.95,13.25,226,627,1332.0,1933.0,69.0,38370.0,29716.0,264.0,267.0,99.0,560.0,570.0,98.0,498.0,1081.0,46.0,0,0.4,0.0,-0.4,2.0,23.0,0.0,0.0,1.0,2,0,0,0,2,0
65,Manuel Riemann,de GER,GK,Bochum,de Bundesliga,33,1988,65,65,5850,65.0,117.0,1.8,355.0,240.0,68.0,20.0,11.0,34.0,12.0,18.0,20.0,11.0,5.0,4.0,25.0,3.0,12.0,7.0,110.4,0.31,2.4,0.04,1018.0,2179.0,47.0,2842.0,182.0,64.0,44.150000000000006,504.0,68.0,49.55,947.0,58.0,6.0,192.0,2.95,20.85,344,1832,2068.0,3366.0,61.0,79769.0,67509.0,166.0,169.0,98.0,582.0,601.0,97.0,1320.0,2571.0,51.0,1,0.4,1.2000000000000002,0.6,7.0,219.0,12.0,1.0,24.0,2,0,0,0,0,2
66,Alexander Nübel,de GER,GK,Monaco,fr Ligue 1,25,1996,76,76,6840,76.0,98.0,1.29,336.0,244.0,73.0,39.0,17.0,20.0,20.0,26.0,14.0,13.0,0.0,1.0,0.0,1.0,9.0,6.0,91.0,0.27,-1.0,-0.01,349.0,860.0,41.0,1714.0,376.0,32.0,32.65,546.0,56.99999999999999,44.05,881.0,59.0,7.000000000000001,79.0,1.04,14.9,310,548,1690.0,2262.0,75.0,48928.0,35877.0,260.0,262.0,99.0,765.0,777.0,98.0,657.0,1212.0,54.0,0,0.0,0.3,0.0,1.0,8.0,0.0,0.0,3.0,2,0,0,0,2,0
67,Ivo Grbić,hr CRO,GK,Atlético Madrid+Lille,es La Liga+fr Ligue 1,26,1996,33,31,2812,31.2,40.0,1.28,133.0,94.0,71.0,14.0,10.0,7.0,4.0,12.0,5.0,5.0,0.0,0.0,0.0,1.0,9.0,1.0,37.0,0.28,-1.9999999999999998,-0.06,143.0,415.0,34.0,649.0,137.0,40.0,34.650000000000006,265.0,57.99999999999999,45.45,524.0,39.0,7.000000000000001,20.0,0.64,10.45,153,259,616.0,915.0,67.0,17592.0,13313.0,153.0,154.0,99.0,237.0,239.0,99.0,223.0,518.0,43.0,0,0.0,0.0,0.0,0.0,5.0,0.0,0.0,0.0,2,0,1,0,1,0
68,Gerónimo Rulli,ar ARG,GK,Villarreal,es La Liga,30,1992,46,46,4140,46.0,38.0,0.83,156.0,118.0,76.0,20.0,12.0,14.0,21.0,46.0,4.0,3.0,1.0,0.0,25.0,0.0,3.0,1.0,40.7,0.26,3.7,0.08,181.0,452.0,40.0,1524.0,231.0,22.0,29.25,306.0,38.0,37.65,693.0,42.0,6.0,73.0,1.59,16.0,116,334,1515.0,1831.0,83.0,38419.0,24481.0,298.0,302.0,99.0,842.0,852.0,99.0,368.0,666.0,55.00000000000001,0,0.0,0.1,0.0,0.0,21.0,2.0,0.0,2.0,2,0,2,0,0,0
69,Giorgi Mamardashvili,ge GEO,GK,Valencia,es La Liga,21,2000,56,56,5040,56.0,65.0,1.16,223.0,160.0,72.0,16.0,16.0,24.0,15.0,27.0,7.0,4.0,0.0,3.0,0.0,0.0,9.0,2.0,64.0,0.29,1.0,0.02,292.0,836.0,35.0,1189.0,206.0,46.0,38.25,388.0,75.0,53.95,730.0,48.0,7.000000000000001,76.0,1.36,16.3,291,542,978.0,1584.0,62.0,30537.0,24062.0,180.0,182.0,99.0,415.0,428.0,97.0,375.0,958.0,39.0,0,0.0,0.0,0.0,0.0,25.0,0.0,0.0,2.0,2,0,2,0,0,0
70,José Sá,pt POR,GK,Wolves,eng Premier League,29,1993,73,73,6525,72.5,95.0,1.31,321.0,226.0,70.0,26.0,12.0,35.0,22.0,30.0,14.0,11.0,2.0,1.0,14.000000000000002,1.0,7.0,2.0,94.69999999999999,0.3,1.7000000000000002,0.02,241.0,847.0,28.000000000000004,1779.0,398.0,32.0,32.8,521.0,52.0,41.55,1089.0,86.0,8.0,68.0,0.94,12.95,273,571,1607.0,2309.0,70.0,40515.0,26405.0,364.0,370.0,98.0,829.0,849.0,98.0,405.0,1070.0,38.0,1,0.9,0.0,0.1,3.0,24.0,1.0,0.0,2.0,2,2,0,0,0,0
71,Mark Flekken,nl NED,GK,Freiburg,de Bundesliga,29,1993,66,66,5940,66.0,83.0,1.26,291.0,209.0,72.0,32.0,17.0,17.0,23.0,35.0,8.0,7.0,0.0,1.0,0.0,1.0,7.0,1.0,86.1,0.3,4.1,0.06,516.0,1298.0,40.0,2315.0,233.0,41.0,37.7,475.0,74.0,58.55,896.0,46.0,5.0,78.0,1.18,15.4,353,943,1950.0,2801.0,70.0,63966.0,48268.0,220.0,226.0,97.0,902.0,918.0,98.0,826.0,1642.0,50.0,0,0.3,0.7,-0.3,5.0,103.0,6.0,0.0,2.0,2,0,0,0,0,2
72,Vanja Milinković-Savić,rs SRB,GK,Torino,it Serie A,25,1997,65,65,5850,65.0,74.0,1.14,216.0,141.0,65.0,23.0,18.0,24.0,15.0,23.0,14.0,12.0,1.0,1.0,7.000000000000001,2.0,10.0,0.0,62.5,0.29,-11.5,-0.18,477.0,1598.0,30.0,2355.0,282.0,50.0,42.05,455.0,91.0,68.15,759.0,54.0,7.000000000000001,92.0,1.42,15.25,414,1182,1641.0,2832.0,57.99999999999999,54104.0,40000.0,210.0,213.0,99.0,794.0,805.0,99.0,634.0,1787.0,35.0,0,0.5,0.4,-0.5,1.0,145.0,5.0,0.0,1.0,2,0,0,2,0,0
73,Stole Dimitrievski,mk MKD,GK,Rayo Vallecano,es La Liga,28,1993,68,67,6096,67.7,86.0,1.27,265.0,182.0,69.0,24.0,18.0,25.0,18.0,26.0,14.0,11.0,2.0,1.0,14.000000000000002,0.0,12.0,5.0,81.9,0.31,0.8999999999999999,0.01,334.0,1091.0,31.0,1527.0,350.0,49.0,40.35,529.0,64.0,50.1,905.0,59.0,7.000000000000001,87.0,1.29,15.0,337,753,1235.0,2071.0,60.0,38587.0,29892.0,188.0,189.0,99.0,553.0,563.0,98.0,489.0,1297.0,38.0,0,0.0,0.0,0.0,1.0,42.0,0.0,0.0,0.0,2,0,2,0,0,0
74,Marco Bizot,nl NED,GK,Brest,fr Ligue 1,31,1991,75,75,6750,75.0,111.0,1.48,346.0,237.0,68.0,24.0,19.0,32.0,15.0,20.0,13.0,11.0,2.0,0.0,15.0,1.0,19.0,4.0,105.9,0.31,-1.1,-0.01,488.0,1101.0,44.0,1683.0,368.0,41.0,36.45,617.0,67.0,48.5,1061.0,46.0,4.0,59.0,0.79,12.85,415,684,1650.0,2303.0,72.0,53809.0,40835.0,173.0,173.0,100.0,776.0,787.0,99.0,698.0,1337.0,52.0,1,0.1,0.2,0.9,2.0,36.0,1.0,0.0,0.0,2,0,0,0,2,0
75,Fraser Forster,eng ENG,GK,Tottenham+Southampton,eng Premier League,34,1988,33,32,2925,32.5,59.0,1.82,156.0,98.0,63.0,11.0,8.0,13.0,6.0,18.0,5.0,4.0,1.0,0.0,20.0,1.0,9.0,2.0,53.7,0.34,-3.3000000000000003,-0.1,141.0,454.0,31.0,730.0,142.0,42.0,34.9,233.0,62.0,43.55,478.0,24.0,5.0,40.0,1.23,13.75,144,308,626.0,966.0,65.0,17778.0,12553.0,127.0,128.0,99.0,292.0,300.0,97.0,205.0,531.0,39.0,0,0.0,0.0,0.0,0.0,13.0,0.0,0.0,0.0,2,2,0,0,0,0
76,David Raya,es ESP,GK,Brentford,eng Premier League,26,1995,62,62,5580,62.0,73.0,1.18,300.0,230.0,77.0,25.0,19.0,18.0,20.0,32.0,6.0,6.0,0.0,0.0,0.0,1.0,12.0,3.0,74.2,0.25,4.2,0.07,572.0,1409.0,41.0,2243.0,278.0,48.0,37.85,471.0,69.0,50.85,1000.0,79.0,8.0,89.0,1.44,15.8,326,1081,1791.0,2725.0,66.0,57743.0,44487.0,268.0,273.0,98.0,765.0,783.0,98.0,755.0,1651.0,46.0,0,0.1,0.30000000000000004,-0.1,3.0,120.0,3.0,0.0,16.0,2,2,0,0,0,0
77,Guglielmo Vicario,it ITA,GK,Empoli,it Serie A,25,1996,69,69,6203,68.9,109.0,1.58,350.0,245.0,70.0,19.0,23.0,27.0,14.0,20.0,16.0,9.0,3.0,4.0,19.0,1.0,13.0,7.0,106.1,0.3,4.1,0.06,271.0,841.0,32.0,2172.0,366.0,30.0,31.65,427.0,45.0,40.2,1208.0,69.0,6.0,60.0,0.87,12.7,191,649,953.0,1310.0,73.0,25427.0,17313.0,175.0,176.0,99.0,499.0,507.0,98.0,278.0,625.0,44.0,0,0.0,0.0,0.0,0.0,19.0,0.0,0.0,0.0,2,0,0,2,0,0
78,Steve Mandanda,fr FRA,GK,Rennes+Marseille,fr Ligue 1,37,1985,71,71,6344,70.5,76.0,1.08,237.0,162.0,68.0,35.0,17.0,19.0,20.0,28.000000000000004,6.0,5.0,1.0,0.0,17.0,1.0,12.0,2.0,71.4,0.3,-2.6,-0.04,306.0,911.0,34.0,2051.0,364.0,31.0,31.7,483.0,55.00000000000001,42.1,946.0,57.0,6.0,86.0,1.22,15.95,264,644,1853.0,2540.0,73.0,48762.0,34986.0,373.0,376.0,99.0,941.0,962.0,98.0,532.0,1187.0,45.0,1,0.1,0.0,0.9,1.0,27.0,1.0,0.0,1.0,2,0,0,0,2,0
79,Alex Meret,it ITA,GK,Napoli,it Serie A,25,1997,56,56,5040,56.0,53.0,0.95,172.0,119.0,69.0,39.0,10.0,7.0,22.0,39.0,4.0,3.0,1.0,0.0,25.0,1.0,4.0,1.0,51.2,0.3,-0.8,-0.01,91.0,222.0,41.0,1243.0,217.0,13.0,25.5,291.0,18.0,25.1,576.0,19.0,3.0,52.0,0.93,15.05,53,166,1359.0,1536.0,88.0,30905.0,18833.0,352.0,353.0,100.0,687.0,695.0,99.0,314.0,479.0,66.0,0,0.0,0.0,0.0,1.0,2.0,0.0,0.0,0.0,2,0,0,2,0,0
80,Ralf Fährmann,de GER,GK,Schalke 04,de Bundesliga,33,1988,34,34,2901,32.2,63.0,1.96,198.0,137.0,69.0,6.0,9.0,19.0,8.0,24.0,6.0,4.0,1.0,1.0,17.0,1.0,9.0,3.0,53.9,0.27,-6.1,-0.19,190.0,567.0,34.0,996.0,169.0,39.0,35.15,266.0,66.0,47.7,536.0,23.0,4.0,29.0,0.9,12.1,176,390,837.0,1266.0,66.0,24268.0,17758.0,141.0,142.0,99.0,391.0,404.0,97.0,300.0,709.0,42.0,0,0.1,0.1,-0.1,2.0,26.0,0.0,0.0,0.0,2,0,0,0,0,2
81,Dean Henderson,eng ENG,GK,Nott'ham Forest+Manchester Utd,eng Premier League,25,1997,31,30,2745,30.5,43.0,1.41,136.0,91.0,67.0,14.0,7.0,9.0,10.0,32.0,5.0,2.0,2.0,1.0,40.0,1.0,9.0,0.0,38.099999999999994,0.28,-4.8999999999999995,-0.16,127.0,426.0,30.0,743.0,173.0,41.0,34.7,250.0,47.0,37.65,460.0,29.0,6.0,46.0,1.51,16.5,118,307,665.0,995.0,67.0,17732.0,12249.0,155.0,156.0,99.0,307.0,313.0,98.0,199.0,518.0,38.0,0,0.0,0.0,0.0,0.0,13.0,1.0,0.0,0.0,2,2,0,0,0,0
82,Sergio Asenjo,es ESP,GK,Valladolid+Villarreal,es La Liga,33,1989,46,46,4140,46.0,61.0,1.33,169.0,109.0,64.0,17.0,15.0,14.0,11.0,24.0,10.0,8.0,1.0,1.0,10.0,1.0,3.0,2.0,52.8,0.31,-6.2,-0.13,215.0,568.0,38.0,1282.0,236.0,28.999999999999996,33.0,375.0,52.0,45.8,730.0,32.0,4.0,49.0,1.07,15.0,196,368,1255.0,1661.0,76.0,33702.0,22938.0,262.0,262.0,100.0,616.0,632.0,97.0,367.0,751.0,49.0,0,0.0,0.0,0.0,0.0,15.0,0.0,0.0,0.0,2,0,2,0,0,0
83,Jiří Pavlenka,cz CZE,GK,Werder Bremen,de Bundesliga,30,1992,67,67,5968,66.3,118.0,1.78,327.0,211.0,65.0,17.0,15.0,35.0,10.0,15.0,9.0,6.0,3.0,0.0,33.0,0.0,12.0,5.0,100.6,0.31,-12.399999999999999,-0.19,409.0,958.0,43.0,1758.0,320.0,39.0,35.099999999999994,558.0,49.0,41.9,1048.0,39.0,4.0,68.0,1.03,14.65,271,684,1686.0,2325.0,73.0,50341.0,37188.0,329.0,331.0,99.0,714.0,729.0,98.0,639.0,1247.0,51.0,0,0.0,0.1,0.0,0.0,31.0,1.0,0.0,0.0,2,0,0,0,0,2
84,Jordi Masip,es ESP,GK,Valladolid,es La Liga,33,1989,53,53,4757,52.9,82.0,1.55,260.0,176.0,68.0,13.0,14.0,26.0,10.0,19.0,13.0,9.0,3.0,1.0,23.0,1.0,3.0,1.0,84.19999999999999,0.32,3.1999999999999997,0.06,298.0,911.0,33.0,1301.0,215.0,47.0,39.55,456.0,66.0,49.95,773.0,21.0,3.0,32.0,0.6,13.8,300,608,1101.0,1765.0,62.0,34995.0,27529.0,135.0,135.0,100.0,519.0,525.0,99.0,439.0,1088.0,40.0,0,0.0,0.0,0.0,0.0,30.0,0.0,0.0,0.0,2,0,2,0,0,0
85,Mattia Perin,it ITA,GK,Juventus+Genoa,it Serie A,29,1992,43,42,3827,42.5,51.0,1.2,198.0,148.0,75.0,14.0,14.0,14.0,14.0,33.0,9.0,8.0,1.0,0.0,11.0,0.0,6.0,2.0,58.7,0.3,9.7,0.23,219.0,661.0,33.0,1169.0,194.0,43.0,33.95,338.0,48.0,37.15,694.0,23.0,3.0,29.0,0.68,14.15,161,500,1017.0,1512.0,67.0,27768.0,19519.0,223.0,225.0,99.0,436.0,441.0,99.0,348.0,830.0,42.0,0,0.0,0.0,0.0,1.0,26.0,0.0,0.0,2.0,2,0,0,2,0,0
86,Bartłomiej Drągowski,pl POL,GK,Spezia+Fiorentina,it Serie A,24,1997,70,70,6094,67.7,109.0,1.61,305.0,197.0,65.0,15.0,22.0,33.0,13.0,19.0,16.0,12.0,3.0,1.0,19.0,2.0,17.0,4.0,102.30000000000001,0.34,-2.7,-0.04,331.0,978.0,34.0,1764.0,319.0,41.0,36.25,456.0,56.00000000000001,45.05,958.0,37.0,4.0,59.0,0.87,13.7,256,720,1507.0,2228.0,68.0,43219.0,31558.0,328.0,329.0,100.0,632.0,647.0,98.0,532.0,1228.0,43.0,2,0.1,0.30000000000000004,1.9,2.0,44.0,3.0,0.0,0.0,2,0,0,2,0,0
87,Bernd Leno,de GER,GK,Fulham+Arsenal,eng Premier League,30,1992,71,71,6371,70.8,88.0,1.24,309.0,225.0,73.0,32.0,11.0,28.0,19.0,27.0,10.0,8.0,2.0,0.0,20.0,1.0,11.0,6.0,90.3,0.29,8.3,0.12,202.0,684.0,30.0,2106.0,373.0,22.0,27.7,469.0,46.0,39.5,951.0,53.0,6.0,79.0,1.12,15.55,218,462,2058.0,2579.0,80.0,47534.0,28876.0,524.0,525.0,100.0,1160.0,1170.0,99.0,368.0,873.0,42.0,0,0.0,0.0,0.0,1.0,14.0,0.0,0.0,2.0,2,2,0,0,0,0
88,Benjamin Lecomte,fr FRA,GK,Espanyol+Montpellier+Monaco,es La Liga+fr Ligue 1+fr Ligue 1,31,1991,57,57,5129,57.0,63.0,1.11,204.0,141.0,69.0,29.0,13.0,15.0,22.0,39.0,7.0,5.0,2.0,0.0,28.999999999999996,1.0,4.0,2.0,61.599999999999994,0.3,0.6000000000000005,0.01,297.0,804.0,37.0,1504.0,207.0,39.0,36.275000000000006,414.0,53.0,42.0,731.0,28.0,4.0,86.0,1.51,15.88,220,582,1349.0,1924.0,70.0,38605.0,29120.0,240.0,242.0,99.0,586.0,596.0,98.0,515.0,1072.0,48.0,0,0.2,0.1,-0.2,2.0,21.0,1.0,0.0,3.0,2,0,1,0,2,0
89,Marco Sportiello,it ITA,GK,Atalanta,it Serie A,30,1992,30,27,2600,28.9,42.0,1.45,111.0,68.0,61.0,15.0,4.0,8.0,4.0,13.0,3.0,2.0,1.0,0.0,33.0,1.0,4.0,0.0,36.900000000000006,0.33,-5.1,-0.18,92.0,239.0,38.0,664.0,159.0,19.0,28.55,173.0,64.0,46.65,343.0,26.0,8.0,45.0,1.56,15.65,110,126,677.0,838.0,81.0,17909.0,11962.0,123.0,123.0,100.0,369.0,372.0,99.0,183.0,340.0,54.0,0,0.0,0.0,0.0,0.0,3.0,0.0,0.0,2.0,2,0,0,2,0,0
90,Frederik Rønnow,dk DEN,GK,Union Berlin+Schalke 04,de Bundesliga,29,1992,40,39,3555,39.5,51.0,1.29,186.0,137.0,74.0,16.0,11.0,12.0,12.0,30.0,9.0,9.0,0.0,0.0,0.0,0.0,10.0,2.0,56.800000000000004,0.31,7.799999999999999,0.2,284.0,722.0,39.0,1395.0,176.0,41.0,33.2,258.0,59.0,44.05,566.0,51.0,9.0,42.0,1.06,13.85,151,570,1175.0,1660.0,71.0,34199.0,25795.0,206.0,207.0,100.0,581.0,583.0,100.0,383.0,857.0,45.0,1,0.0,0.2,1.0,1.0,70.0,3.0,0.0,0.0,2,0,0,0,0,2
91,Iván Villar,es ESP,GK,Celta Vigo,es La Liga,25,1997,40,38,3491,38.8,54.0,1.39,139.0,85.0,61.0,13.0,10.0,15.0,9.0,22.0,11.0,9.0,1.0,1.0,9.0,1.0,8.0,1.0,49.3,0.35,-3.7,-0.1,181.0,577.0,31.0,940.0,173.0,40.0,35.45,329.0,60.0,47.1,575.0,15.0,3.0,45.0,1.16,14.85,198,377,825.0,1280.0,64.0,23884.0,17487.0,146.0,148.0,99.0,414.0,424.0,98.0,265.0,695.0,38.0,0,0.0,0.0,0.0,1.0,8.0,0.0,0.0,1.0,2,0,2,0,0,0
92,Marko Dmitrović,rs SRB,GK,Sevilla+Eibar,es La Liga,30,1992,50,48,4389,48.800000000000004,62.0,1.27,184.0,122.0,66.0,12.0,15.0,21.0,14.0,28.000000000000004,5.0,3.0,1.0,1.0,20.0,0.0,7.0,1.0,57.5,0.31,-3.5,-0.07,409.0,1104.0,37.0,1208.0,142.0,65.0,46.5,364.0,88.0,65.35,603.0,26.0,4.0,58.0,1.19,14.85,322,781,856.0,1579.0,54.0,35484.0,29987.0,84.0,85.0,99.0,286.0,287.0,100.0,483.0,1194.0,40.0,0,0.7,0.30000000000000004,-0.7,4.0,93.0,4.0,0.0,3.0,2,0,2,0,0,0
5,Kepa Arrizabalaga,es ESP,GK,Chelsea,eng Premier League,27,1994,29,29,2565,28.5,33.0,1.16,120.0,90.0,73.3,8.0,9.0,12.0,9.0,31.0,1.0,1.0,0.0,0.0,0.0,1.0,4.0,3.0,35.0,0.29,5.0,0.18,68.0,213.0,31.9,864.0,151.0,17.1,26.3,182.0,35.7,31.5,332.0,15.0,4.5,52.0,1.82,16.9,64,147,871.0,1046.0,83.3,19299.0,11448.0,287.0,289.0,99.3,390.0,395.0,98.7,190.0,357.0,53.2,0,0.0,0.0,0.0,0.0,6.0,0.0,0.0,0.0,1,1,0,0,0,0
11,Gavin Bazunu,ie IRL,GK,Southampton,eng Premier League,20,2002,32,32,2880,32.0,56.0,1.75,120.0,67.0,54.2,6.0,6.0,20.0,4.0,12.5,2.0,1.0,1.0,0.0,50.0,1.0,7.0,4.0,35.4,0.28,-16.6,-0.52,212.0,629.0,33.7,935.0,144.0,50.2,38.1,237.0,67.5,50.0,456.0,36.0,7.9,48.0,1.5,15.1,159,469,718.0,1178.0,61.0,21528.0,16289.0,183.0,185.0,98.9,256.0,263.0,97.3,278.0,722.0,38.5,0,0.1,0.1,-0.1,1.0,42.0,1.0,0.0,1.0,1,1,0,0,0,0
17,Janis Blaswich,de GER,GK,RB Leipzig,de Bundesliga,31,1991,26,26,2340,26.0,29.0,1.12,75.0,45.0,69.3,16.0,4.0,6.0,7.0,26.9,7.0,6.0,1.0,0.0,14.3,0.0,2.0,0.0,26.9,0.27,-2.1,-0.08,59.0,189.0,31.2,985.0,126.0,14.9,25.3,156.0,26.9,30.0,288.0,20.0,6.9,39.0,1.5,17.0,41,146,988.0,1142.0,86.5,21548.0,10888.0,248.0,249.0,99.6,588.0,593.0,99.2,147.0,292.0,50.3,0,0.0,0.0,0.0,0.0,11.0,0.0,0.0,1.0,1,0,0,0,0,1
21,Fabian Bredlow,de GER,GK,Stuttgart,de Bundesliga,27,1995,15,15,1350,15.0,23.0,1.53,59.0,37.0,69.5,4.0,5.0,6.0,1.0,6.7,5.0,5.0,0.0,0.0,0.0,0.0,3.0,1.0,20.1,0.26,-1.9,-0.13,55.0,129.0,42.6,503.0,86.0,20.3,27.6,91.0,29.7,33.5,203.0,12.0,5.9,15.0,1.0,15.2,27,102,510.0,595.0,85.7,12242.0,7412.0,114.0,114.0,100.0,278.0,280.0,99.3,117.0,199.0,58.8,0,0.0,0.0,0.0,0.0,6.0,0.0,0.0,0.0,1,0,0,0,0,1
23,Juan Carlos,es ESP,GK,Girona,es La Liga,34,1988,10,10,900,10.0,18.0,1.8,43.0,25.0,62.8,2.0,2.0,6.0,0.0,0.0,2.0,2.0,0.0,0.0,0.0,2.0,1.0,0.0,16.7,0.35,-1.3,-0.13,23.0,64.0,35.9,278.0,51.0,17.6,28.7,62.0,24.2,30.3,120.0,6.0,5.0,21.0,2.1,16.9,15,48,288.0,340.0,84.7,7160.0,4635.0,52.0,53.0,98.1,170.0,176.0,96.6,66.0,111.0,59.5,0,0.0,0.0,0.0,0.0,1.0,0.0,0.0,0.0,1,0,1,0,0,0
24,Marco Carnesecchi,it ITA,GK,Cremonese,it Serie A,22,2000,27,27,2430,27.0,47.0,1.74,153.0,107.0,70.6,4.0,9.0,14.0,4.0,14.8,2.0,2.0,0.0,0.0,0.0,3.0,7.0,1.0,44.2,0.28,-1.8,-0.07,157.0,523.0,30.0,745.0,135.0,52.2,41.4,203.0,66.0,53.1,402.0,29.0,7.2,29.0,1.07,14.1,133,388,565.0,954.0,59.2,18072.0,14248.0,99.0,100.0,99.0,231.0,237.0,97.5,229.0,605.0,37.9,1,0.2,0.1,0.8,2.0,33.0,1.0,0.0,0.0,1,0,0,1,0,0
29,Lucas Chevalier,fr FRA,GK,Lille,fr Ligue 1,20,2001,32,32,2880,32.0,31.0,0.97,105.0,76.0,72.4,16.0,9.0,7.0,10.0,31.3,3.0,2.0,1.0,0.0,33.3,2.0,1.0,3.0,30.5,0.27,2.5,0.08,76.0,282.0,27.0,903.0,121.0,26.2,29.4,105.0,42.9,37.2,318.0,22.0,6.9,25.0,0.78,13.5,45,236,779.0,1010.0,77.1,17580.0,12052.0,223.0,224.0,99.6,401.0,408.0,98.3,146.0,367.0,39.8,0,0.6,0.2,-0.6,2.0,19.0,0.0,0.0,0.0,1,0,0,0,1,0
30,Oliver Christensen,dk DEN,GK,Hertha BSC,de Bundesliga,23,1999,33,33,2970,33.0,68.0,2.06,163.0,94.0,61.3,6.0,8.0,19.0,3.0,9.1,6.0,5.0,1.0,0.0,16.7,4.0,8.0,0.0,57.9,0.33,-10.1,-0.31,204.0,586.0,34.8,977.0,166.0,42.5,35.9,235.0,72.8,54.3,486.0,33.0,6.8,70.0,2.12,18.8,171,415,777.0,1218.0,63.8,23464.0,18548.0,132.0,132.0,100.0,346.0,353.0,98.0,299.0,727.0,41.1,0,0.0,0.1,0.0,0.0,13.0,0.0,0.0,2.0,1,0,0,0,0,1
38,Michele Di Gregorio,it ITA,GK,Monza,it Serie A,25,1997,37,37,3330,37.0,49.0,1.32,167.0,119.0,72.5,14.0,10.0,13.0,10.0,27.0,3.0,3.0,0.0,0.0,0.0,1.0,4.0,1.0,48.7,0.28,0.7,0.02,166.0,476.0,34.9,1265.0,236.0,30.4,32.2,247.0,37.2,34.9,541.0,14.0,2.6,32.0,0.86,13.4,91,384,1151.0,1515.0,76.0,29670.0,19870.0,259.0,259.0,100.0,539.0,553.0,97.5,347.0,694.0,50.0,1,0.0,0.1,1.0,1.0,16.0,1.0,0.0,0.0,1,0,0,1,0,0
39,Mory Diaw,sn SEN,GK,Clermont Foot,fr Ligue 1,29,1993,37,37,3330,37.0,47.0,1.27,161.0,110.0,75.8,17.0,8.0,12.0,10.0,27.0,12.0,8.0,4.0,0.0,33.3,0.0,5.0,0.0,55.4,0.28,8.4,0.23,235.0,601.0,39.1,1209.0,173.0,40.0,37.0,255.0,45.9,40.4,464.0,34.0,7.3,25.0,0.68,11.5,117,483,1034.0,1467.0,70.5,30947.0,21906.0,160.0,163.0,98.2,455.0,467.0,97.4,412.0,826.0,49.9,0,0.2,0.1,-0.2,4.0,34.0,3.0,0.0,0.0,1,0,0,0,1,0
41,Yehvann Diouf,fr FRA,GK,Reims,fr Ligue 1,22,1999,31,31,2790,31.0,31.0,1.0,137.0,107.0,78.1,11.0,12.0,8.0,14.0,45.2,1.0,1.0,0.0,0.0,0.0,2.0,2.0,1.0,37.0,0.27,7.0,0.22,136.0,308.0,44.2,874.0,191.0,28.3,31.8,185.0,33.0,34.3,430.0,40.0,9.3,35.0,1.13,12.7,61,247,851.0,1063.0,80.1,23462.0,15373.0,97.0,98.0,99.0,460.0,466.0,98.7,289.0,490.0,59.0,0,0.0,0.0,0.0,1.0,6.0,0.0,0.0,1.0,1,0,0,0,1,0
47,Maxime Dupé,fr FRA,GK,Toulouse,fr Ligue 1,29,1993,38,38,3420,38.0,57.0,1.5,179.0,122.0,70.4,13.0,9.0,16.0,9.0,23.7,7.0,4.0,3.0,0.0,42.9,2.0,8.0,3.0,54.2,0.28,0.2,0.01,136.0,363.0,37.5,1006.0,176.0,24.4,29.5,264.0,44.7,37.2,517.0,30.0,5.8,21.0,0.55,10.1,118,245,994.0,1271.0,78.2,25377.0,16802.0,169.0,169.0,100.0,560.0,570.0,98.2,258.0,523.0,49.3,0,0.0,0.0,0.0,0.0,6.0,0.0,0.0,0.0,1,0,0,0,1,0
52,Wladimiro Falcone,it ITA,GK,Lecce,it Serie A,27,1995,38,38,3420,38.0,46.0,1.21,156.0,112.0,73.7,8.0,12.0,18.0,6.0,15.8,6.0,5.0,1.0,0.0,16.7,2.0,6.0,3.0,43.2,0.24,0.2,0.01,194.0,721.0,26.9,876.0,143.0,56.8,42.1,282.0,79.1,53.5,534.0,23.0,4.3,42.0,1.11,14.1,223,497,597.0,1167.0,51.2,19884.0,15815.0,88.0,88.0,100.0,221.0,230.0,96.1,285.0,836.0,34.1,0,0.2,0.1,-0.2,3.0,16.0,2.0,0.0,0.0,1,0,0,1,0,0
55,Fernando,es ESP,GK,Almería,es La Liga,32,1990,37,37,3285,36.5,61.0,1.67,193.0,132.0,70.5,11.0,8.0,18.0,4.0,10.8,6.0,4.0,1.0,1.0,20.0,1.0,4.0,1.0,60.5,0.29,0.5,0.01,199.0,557.0,35.7,967.0,211.0,39.1,36.9,341.0,52.5,42.9,614.0,39.0,6.4,26.0,0.71,12.4,179,378,919.0,1313.0,70.0,27494.0,20366.0,132.0,133.0,99.2,440.0,448.0,98.2,342.0,721.0,47.4,0,0.0,0.0,0.0,0.0,16.0,0.0,0.0,0.0,1,0,1,0,0,0
58,Yahia Fofana,fr FRA,GK,Angers,fr Ligue 1,21,2000,11,11,990,11.0,19.0,1.73,54.0,35.0,66.7,3.0,1.0,7.0,1.0,9.1,2.0,1.0,1.0,0.0,50.0,0.0,3.0,1.0,16.4,0.27,-1.6,-0.14,33.0,125.0,26.4,256.0,70.0,35.2,33.6,69.0,50.7,41.7,143.0,17.0,11.9,9.0,0.82,11.8,34,90,227.0,325.0,69.8,6001.0,4360.0,42.0,42.0,100.0,112.0,113.0,99.1,71.0,168.0,42.3,0,0.0,0.0,0.0,0.0,3.0,0.0,0.0,0.0,1,0,0,0,1,0
62,Paulo Gazzaniga,ar ARG,GK,Girona,es La Liga,30,1992,28,28,2520,28.0,37.0,1.32,125.0,87.0,73.6,11.0,8.0,9.0,4.0,14.3,6.0,4.0,1.0,1.0,20.0,0.0,4.0,0.0,45.3,0.33,8.3,0.3,146.0,400.0,36.5,822.0,141.0,31.1,32.4,242.0,59.5,47.9,477.0,37.0,7.8,38.0,1.36,15.1,143,255,783.0,1070.0,73.2,21240.0,15708.0,201.0,201.0,100.0,349.0,359.0,97.2,231.0,501.0,46.1,0,0.2,0.0,-0.2,1.0,21.0,0.0,0.0,0.0,1,0,1,0,0,0
77,Daniel Iversen,dk DEN,GK,Leicester City,eng Premier League,25,1997,12,12,1080,12.0,22.0,1.83,59.0,38.0,66.1,2.0,4.0,6.0,1.0,8.3,2.0,2.0,0.0,0.0,0.0,2.0,2.0,1.0,18.9,0.29,-2.1,-0.18,38.0,194.0,19.6,261.0,49.0,47.1,37.2,114.0,62.3,46.2,203.0,16.0,7.9,6.0,0.5,10.3,71,122,212.0,377.0,56.2,5408.0,3761.0,65.0,65.0,100.0,93.0,95.0,97.9,53.0,213.0,24.9,0,0.0,0.0,0.0,0.0,6.0,0.0,0.0,0.0,1,1,0,0,0,0
84,Tomáš Koubek,cz CZE,GK,Augsburg,de Bundesliga,29,1992,11,11,990,11.0,22.0,2.0,65.0,45.0,66.2,1.0,4.0,6.0,1.0,9.1,0.0,0.0,0.0,0.0,0.0,1.0,0.0,2.0,22.0,0.36,2.0,0.19,77.0,225.0,34.2,414.0,48.0,37.9,36.5,96.0,70.8,52.5,176.0,10.0,5.7,22.0,2.0,16.8,67,156,349.0,510.0,68.4,10659.0,7933.0,62.0,62.0,100.0,167.0,168.0,99.4,120.0,280.0,42.9,0,0.0,0.0,0.0,0.0,15.0,0.0,0.0,0.0,1,0,0,0,0,1
90,Benjamin Leroy,fr FRA,GK,Ajaccio,fr Ligue 1,33,1989,32,32,2798,31.1,60.0,1.93,133.0,74.0,60.9,6.0,4.0,22.0,4.0,12.5,9.0,8.0,0.0,1.0,0.0,1.0,10.0,1.0,47.7,0.3,-11.3,-0.36,213.0,522.0,40.8,657.0,77.0,52.4,38.5,212.0,84.0,52.1,389.0,18.0,4.6,54.0,1.74,16.9,178,344,533.0,875.0,60.9,18415.0,15715.0,60.0,60.0,100.0,211.0,215.0,98.1,261.0,593.0,44.0,0,0.0,0.1,0.0,0.0,22.0,0.0,0.0,1.0,1,0,0,0,1,0
102,Vito Mannone,it ITA,GK,Lorient,fr Ligue 1,34,1988,18,17,1608,17.9,24.0,1.34,84.0,60.0,72.6,4.0,6.0,7.0,5.0,29.4,1.0,1.0,0.0,0.0,0.0,2.0,2.0,0.0,25.2,0.29,1.2,0.07,56.0,176.0,31.8,471.0,101.0,25.9,29.5,112.0,48.2,37.5,344.0,12.0,3.5,9.0,0.5,10.6,53,121,444.0,583.0,76.2,10835.0,7099.0,94.0,95.0,98.9,252.0,255.0,98.8,97.0,232.0,41.8,0,0.0,0.0,0.0,0.0,2.0,0.0,0.0,0.0,1,0,0,0,1,0
103,Agustín Marchesín,ar ARG,GK,Celta Vigo,es La Liga,34,1988,19,19,1710,19.0,29.0,1.53,72.0,42.0,62.5,5.0,5.0,9.0,6.0,31.6,4.0,2.0,2.0,0.0,50.0,1.0,4.0,1.0,20.7,0.24,-7.3,-0.38,103.0,267.0,38.6,500.0,75.0,39.8,35.3,131.0,51.9,42.9,253.0,14.0,5.5,25.0,1.32,18.1,67,199,449.0,635.0,70.7,12898.0,9202.0,81.0,81.0,100.0,206.0,212.0,97.2,161.0,337.0,47.8,0,0.0,0.0,0.0,0.0,6.0,0.0,0.0,1.0,1,0,1,0,0,0
119,Yvon Mvogo,ch SUI,GK,Lorient,fr Ligue 1,28,1994,21,21,1812,20.1,29.0,1.44,98.0,70.0,71.4,11.0,4.0,6.0,3.0,14.3,1.0,1.0,0.0,0.0,0.0,0.0,4.0,1.0,27.1,0.27,-0.9,-0.04,86.0,228.0,37.7,473.0,85.0,34.0,32.1,145.0,46.2,36.6,381.0,21.0,5.5,7.0,0.35,8.5,66,160,466.0,622.0,74.9,12098.0,8637.0,114.0,114.0,100.0,211.0,211.0,100.0,136.0,287.0,47.4,0,0.0,0.0,0.0,0.0,5.0,0.0,0.0,0.0,1,0,0,0,1,0
121,Neto,br BRA,GK,Bournemouth,eng Premier League,33,1989,27,27,2385,26.5,39.0,1.47,138.0,100.0,74.6,9.0,6.0,12.0,6.0,22.2,5.0,4.0,0.0,1.0,0.0,0.0,8.0,1.0,39.7,0.26,1.7,0.06,160.0,437.0,36.6,601.0,136.0,47.4,37.8,231.0,65.8,44.6,510.0,35.0,6.9,25.0,0.94,12.1,151,284,521.0,833.0,62.5,15893.0,12592.0,109.0,111.0,98.2,194.0,201.0,96.5,211.0,513.0,41.1,0,0.0,0.0,0.0,0.0,14.0,2.0,0.0,0.0,1,1,0,0,0,0
126,Guillermo Ochoa,mx MEX,GK,Salernitana,it Serie A,37,1985,20,20,1800,20.0,33.0,1.65,105.0,71.0,71.4,4.0,10.0,6.0,4.0,20.0,4.0,3.0,1.0,0.0,25.0,1.0,6.0,0.0,34.8,0.3,1.8,0.09,135.0,430.0,31.4,556.0,45.0,53.6,40.9,200.0,66.0,47.3,311.0,11.0,3.5,10.0,0.5,12.3,132,298,441.0,760.0,58.0,14422.0,10713.0,62.0,63.0,98.4,183.0,186.0,98.4,196.0,507.0,38.7,0,0.0,0.0,0.0,0.0,13.0,0.0,0.0,0.0,1,0,0,1,0,0
159,Brice Samba,fr FRA,GK,Lens,fr Ligue 1,28,1994,37,37,3330,37.0,28.0,0.76,125.0,98.0,80.0,24.0,9.0,4.0,15.0,40.5,3.0,3.0,0.0,0.0,0.0,0.0,6.0,1.0,32.4,0.24,5.4,0.15,174.0,435.0,40.0,1075.0,140.0,35.5,33.3,160.0,33.1,32.7,384.0,34.0,8.9,41.0,1.11,15.4,52,381,938.0,1237.0,75.8,25038.0,16717.0,208.0,209.0,99.5,395.0,402.0,98.3,320.0,607.0,52.7,0,0.1,0.0,-0.1,1.0,17.0,1.0,0.0,1.0,1,0,0,0,1,0
176,Jason Steele,eng ENG,GK,Brighton,eng Premier League,31,1990,15,15,1350,15.0,23.0,1.53,57.0,36.0,61.4,7.0,3.0,5.0,6.0,40.0,2.0,1.0,1.0,0.0,50.0,0.0,2.0,3.0,18.5,0.29,-1.5,-0.1,34.0,74.0,45.9,483.0,48.0,14.9,24.2,55.0,3.6,13.9,126.0,10.0,7.9,19.0,1.27,15.7,1,71,478.0,541.0,88.4,9705.0,6922.0,179.0,182.0,98.4,216.0,222.0,97.3,80.0,130.0,61.5,1,0.1,0.2,0.9,1.0,2.0,0.0,0.0,0.0,1,1,0,0,0,0
179,Ciprian Tătărușanu,ro ROU,GK,Milan,it Serie A,36,1986,16,16,1440,16.0,22.0,1.37,61.0,40.0,67.2,9.0,3.0,4.0,4.0,25.0,2.0,2.0,0.0,0.0,0.0,2.0,4.0,1.0,16.8,0.25,-4.2,-0.26,94.0,195.0,48.2,473.0,75.0,32.1,32.9,83.0,51.8,41.8,195.0,9.0,4.6,13.0,0.81,14.4,42,151,434.0,560.0,77.5,12788.0,9173.0,60.0,60.0,100.0,198.0,204.0,97.1,174.0,290.0,60.0,1,0.5,0.0,0.5,2.0,9.0,0.0,0.0,0.0,1,0,0,1,0,0
183,Mark Travers,ie IRL,GK,Bournemouth,eng Premier League,23,1999,12,11,1035,11.5,32.0,2.78,66.0,36.0,54.5,2.0,0.0,9.0,2.0,18.2,2.0,2.0,0.0,0.0,0.0,0.0,8.0,2.0,24.0,0.34,-6.0,-0.52,71.0,154.0,46.1,250.0,54.0,35.6,31.9,118.0,55.1,43.8,229.0,5.0,2.2,5.0,0.43,10.5,65,89,281.0,368.0,76.4,7963.0,5655.0,97.0,97.0,100.0,101.0,102.0,99.0,82.0,168.0,48.8,0,0.0,0.0,0.0,0.0,5.0,0.0,0.0,0.0,1,1,0,0,0,0
189,Danny Ward,wls WAL,GK,Leicester City,eng Premier League,29,1993,26,26,2340,26.0,46.0,1.77,119.0,75.0,63.0,7.0,3.0,16.0,6.0,23.1,3.0,2.0,1.0,0.0,33.3,2.0,6.0,4.0,36.5,0.29,-5.5,-0.21,94.0,303.0,31.0,750.0,154.0,29.7,30.4,190.0,42.1,35.1,355.0,20.0,5.6,42.0,1.62,15.9,79,222,708.0,945.0,74.9,16865.0,10488.0,197.0,199.0,99.0,352.0,355.0,99.2,158.0,383.0,41.3,0,0.0,0.0,0.0,0.0,7.0,0.0,0.0,0.0,1,1,0,0,0,0
200,Ionuț Radu,ro ROU,GK,Cremonese+Auxerre,it Serie A+fr Ligue 1,25,1997,26,26,2340,26.0,39.0,1.5,138.0,98.0,71.0,4.0,9.0,13.0,6.0,23.0,5.0,3.0,2.0,0.0,40.0,0.0,3.0,1.0,42.9,0.31,4.9,0.19,155.0,492.0,32.0,734.0,99.0,49.0,39.3,195.0,68.0,49.7,380.0,20.0,5.0,22.0,0.85,13.7,133,356,566.0,934.0,61.0,17608.0,13396.0,92.0,93.0,99.0,242.0,245.0,99.0,228.0,585.0,39.0,0,0.4,0.1,-0.4,3.0,26.0,2.0,0.0,0.0,1,0,0,1,1,0
