,Unnamed: 0,Player,Nation,Pos,Squad,Comp,Age,Born,MP,Starts,Min,90s,Goals_Against,Goals_Against_per90,Shots_on_Target_Against,Saves,Save%,W,D,L,CS,CS%,PK_attempts,PK_Allowed,PKs_Saved,PK_missed,Save%(Penalty Kicks),Gk_free_kick_goals_against,Gk_corner_kick_goals_against,Gk_own_goals_against,Gk_psxg,Gk_psxg_per_shot_on_target_against,Gk_psxg_diff,Gk_psxg_net_per90,Gk_passes_completed_launched,Gk_passes_attempted_launched,Gk_passes_pct_launched,Gk_passes,Gk_passes_throws,Gk_pct_passes_launched,Gk_passes_length_avg,Gk_goal_kicks,Gk_pct_goal_kicks_launched,Gk_goal_kick_length_avg,Gk_crosses_faced,Gk_crosses_stopped,Gk_crosses_stopped_pct,Gk_def_actions_outside_pen_area,Gk_def_actions_outside_pen_area_per90,Gk_avg_distance_def_actions,Gk_goal_kicks_launched,Gk_passes_launched
0,0,Julen Agirrezabala,es ESP,GK,Athletic Club,es La Liga,20,2000,4,4,360,4.0,5,1.25,20,15,75.0,1,2,1,1,25.0,0,0,0,0,0.0,0.0,0.0,0.0,5.0,0.27,0.0,0.0,13.0,31.0,41.9,56.0,12.0,33.9,33.1,26.0,46.2,36.0,48.0,1.0,2.1,6.0,1.5,17.5,12,18
1,1,Doğan Alemdar,tr TUR,GK,Rennes,fr Ligue 1,18,2002,12,12,1080,12.0,13,1.08,36,22,66.7,6,1,5,4,33.3,2,1,1,0,50.0,0.0,1.0,0.0,12.3,0.29,-0.7,-0.06,54.0,147.0,36.7,321.0,54.0,27.4,30.3,70.0,84.3,54.9,146.0,8.0,5.5,24.0,2.0,19.1,59,87
2,2,Alisson,br BRA,GK,Liverpool,eng Premier League,28,1992,36,36,3240,36.0,24,0.67,99,76,75.8,27,7,2,20,55.6,0,0,0,0,0.0,0.0,3.0,1.0,24.4,0.25,1.4,0.04,114.0,258.0,44.2,1216.0,211.0,16.5,26.3,172.0,33.1,33.4,340.0,22.0,6.5,89.0,2.47,18.7,56,200
3,3,Alphonse Areola,fr FRA,GK,West Ham,eng Premier League,28,1993,1,1,90,1.0,1,1.0,3,2,66.7,0,0,1,0,0.0,0,0,0,0,0.0,0.0,0.0,0.0,1.2,0.39,0.2,0.17,9.0,28.0,32.1,26.0,3.0,69.2,46.3,14.0,71.4,48.5,15.0,1.0,6.7,0.0,0.0,5.5,9,17
4,4,Kepa Arrizabalaga,es ESP,GK,Chelsea,eng Premier League,26,1994,4,4,360,4.0,2,0.5,13,11,84.6,2,1,1,2,50.0,0,0,0,0,0.0,0.0,1.0,0.0,3.2,0.25,1.2,0.3,8.0,29.0,27.6,117.0,29.0,19.7,26.4,21.0,28.6,27.6,44.0,2.0,4.5,8.0,2.0,18.8,6,23
5,5,Sergio Asenjo,es ESP,GK,Villarreal,es La Liga,32,1989,6,6,540,6.0,9,1.5,28,19,71.4,2,2,2,0,0.0,1,1,0,0,0.0,0.0,1.0,0.0,8.9,0.28,-0.1,-0.01,15.0,52.0,28.8,170.0,38.0,21.2,28.0,56.0,28.6,32.2,105.0,3.0,2.9,14.0,2.33,16.8,16,36
6,6,Emil Audero,it ITA,GK,Sampdoria,it Serie A,24,1997,29,29,2560,28.4,48,1.69,130,82,63.8,8,5,16,5,17.2,2,1,1,0,50.0,1.0,4.0,1.0,43.1,0.32,-3.9,-0.14,203.0,472.0,43.0,786.0,120.0,41.7,36.3,212.0,67.9,47.6,418.0,22.0,5.3,25.0,0.88,13.5,143,327
7,7,Daniel Bachmann,at AUT,GK,Watford,eng Premier League,27,1994,12,12,1080,12.0,28,2.33,72,46,65.3,1,0,11,0,0.0,3,3,0,0,0.0,1.0,3.0,2.0,23.2,0.3,-2.8,-0.23,71.0,207.0,34.3,275.0,47.0,53.8,40.9,87.0,67.8,47.8,187.0,7.0,3.7,12.0,1.0,16.1,58,147
8,8,Édgar Badía,es ESP,GK,Elche,es La Liga,29,1992,24,24,2160,24.0,35,1.46,114,78,75.4,8,5,11,5,20.8,9,7,1,1,12.5,0.0,5.0,0.0,37.3,0.26,2.3,0.1,182.0,408.0,44.6,618.0,106.0,41.9,36.1,210.0,71.0,49.2,399.0,17.0,4.3,41.0,1.71,16.2,149,258
9,9,Nicola Bagnolini,it ITA,GK,Bologna,it Serie A,17,2004,1,0,3,0.0,0,0.0,1,1,100.0,0,0,0,1,0.0,0,0,0,0,0.0,0.0,0.0,0.0,0.2,0.19,0.2,5.78,0.0,4.0,0.0,3.0,0.0,100.0,61.0,1.0,100.0,60.0,3.0,0.0,0.0,0.0,0.0,0.0,1,3
10,10,Stefan Bajic,fr FRA,GK,Saint-Étienne,fr Ligue 1,19,2001,7,4,510,5.7,13,2.29,29,16,62.1,0,1,3,0,0.0,2,2,0,0,0.0,1.0,0.0,0.0,13.2,0.39,0.2,0.04,28.0,75.0,37.3,141.0,40.0,34.0,31.6,44.0,61.4,46.3,82.0,4.0,4.9,11.0,1.94,17.1,27,47
11,11,Francesco Bardi,it ITA,GK,Bologna,it Serie A,29,1992,2,2,177,2.0,2,1.02,9,7,77.8,1,1,0,0,0.0,0,0,0,0,0.0,0.0,0.0,0.0,2.7,0.3,0.7,0.37,5.0,19.0,26.3,35.0,6.0,40.0,33.0,13.0,38.5,32.1,24.0,2.0,8.3,0.0,0.0,5.5,5,14
12,12,Oliver Baumann,de GER,GK,Hoffenheim,de Bundesliga,31,1990,33,33,2970,33.0,57,1.73,155,98,64.5,12,7,14,8,24.2,4,2,1,1,33.3,0.0,9.0,1.0,51.5,0.33,-4.5,-0.14,138.0,393.0,35.1,1302.0,185.0,26.1,29.0,216.0,24.5,28.8,420.0,27.0,6.4,65.0,1.97,16.7,52,339
13,13,Asmir Begović,ba BIH,GK,Everton,eng Premier League,34,1987,3,3,270,3.0,8,2.67,18,11,61.1,1,0,2,1,33.3,1,1,0,0,0.0,0.0,3.0,1.0,4.2,0.18,-2.8,-0.94,20.0,62.0,32.3,54.0,5.0,74.1,48.9,31.0,71.0,51.3,50.0,3.0,6.0,2.0,0.67,10.7,22,40
14,14,Vid Belec,si SVN,GK,Salernitana,it Serie A,31,1990,23,21,1938,21.5,49,2.28,135,87,65.9,3,2,16,1,4.8,5,3,1,1,25.0,0.0,4.0,2.0,40.8,0.28,-6.2,-0.29,147.0,339.0,43.4,392.0,76.0,52.6,39.5,182.0,73.1,49.9,329.0,12.0,3.6,14.0,0.65,12.7,133,206
15,15,Walter Benítez,ar ARG,GK,Nice,fr Ligue 1,28,1993,37,37,3330,37.0,35,0.95,141,105,78.0,20,7,10,14,37.8,5,4,1,0,20.0,1.0,1.0,0.0,42.6,0.27,7.6,0.21,145.0,378.0,38.4,774.0,169.0,30.2,30.5,260.0,55.4,43.0,503.0,31.0,6.2,33.0,0.89,13.6,144,233
16,16,Alessandro Berardi,it ITA,GK,Hellas Verona,it Serie A,30,1991,1,1,90,1.0,3,3.0,7,4,57.1,0,1,0,0,0.0,0,0,0,0,0.0,0.0,0.0,0.0,2.3,0.38,-0.7,-0.66,4.0,19.0,21.1,23.0,4.0,52.2,39.7,7.0,100.0,58.7,12.0,0.0,0.0,0.0,0.0,0.0,7,12
17,17,Etrit Berisha,al ALB,GK,Torino,it Serie A,32,1989,10,10,900,10.0,8,0.8,41,32,85.4,3,4,3,4,40.0,3,2,1,0,33.3,0.0,0.0,0.0,10.2,0.18,2.2,0.22,53.0,188.0,28.2,240.0,37.0,50.0,39.4,78.0,87.2,58.6,148.0,7.0,4.7,10.0,1.0,14.6,68,120
18,20,Dimitry Bertaud,fr FRA,GK,Montpellier,fr Ligue 1,23,1998,11,9,833,9.3,20,2.16,57,37,68.4,2,3,4,2,22.2,2,2,0,0,0.0,1.0,1.0,0.0,16.0,0.25,-4.0,-0.43,46.0,129.0,35.7,226.0,55.0,38.5,33.8,86.0,48.8,38.5,128.0,8.0,6.3,4.0,0.43,11.7,41,87
19,21,Marco Bizot,nl NED,GK,Brest,fr Ligue 1,30,1991,38,38,3420,38.0,57,1.5,170,115,68.8,13,9,16,7,18.4,4,4,0,0,0.0,0.0,8.0,2.0,51.0,0.28,-4.0,-0.1,290.0,624.0,46.5,877.0,205.0,43.1,37.4,328.0,75.0,53.1,541.0,16.0,3.0,34.0,0.89,14.1,246,377
20,22,Yassine Bounou,ma MAR,GK,Sevilla,es La Liga,30,1991,31,31,2790,31.0,24,0.77,100,75,78.0,14,13,4,13,41.9,4,2,1,1,33.3,2.0,6.0,0.0,26.6,0.24,2.6,0.09,152.0,378.0,40.2,829.0,116.0,30.2,33.1,241.0,53.1,41.2,420.0,27.0,6.4,24.0,0.77,12.8,127,250
21,23,Claudio Bravo,cl CHI,GK,Betis,es La Liga,38,1983,17,17,1456,16.2,19,1.17,56,39,67.9,8,4,5,5,29.4,1,1,0,0,0.0,0.0,1.0,2.0,18.6,0.31,1.6,0.1,109.0,272.0,40.1,405.0,53.0,51.9,39.9,99.0,62.6,47.9,251.0,6.0,2.4,9.0,0.56,11.0,61,210
22,24,Fabian Bredlow,de GER,GK,Stuttgart,de Bundesliga,26,1995,4,4,360,4.0,7,1.75,24,17,70.8,0,2,2,0,0.0,0,0,0,0,0.0,0.0,3.0,0.0,6.7,0.28,-0.3,-0.07,10.0,22.0,45.5,92.0,22.0,20.7,26.8,37.0,8.1,19.6,67.0,2.0,3.0,4.0,1.0,17.8,2,19
23,25,Sascha Burchert,de GER,GK,Greuther Fürth,de Bundesliga,31,1989,14,14,1260,14.0,28,2.0,72,46,65.3,2,4,8,3,21.4,3,3,0,0,0.0,1.0,4.0,2.0,23.0,0.28,-3.0,-0.22,120.0,326.0,36.8,441.0,49.0,52.2,41.1,115.0,83.5,55.9,224.0,8.0,3.6,24.0,1.71,17.2,96,230
24,26,Roman Bürki,ch SUI,GK,Dortmund,de Bundesliga,30,1990,1,1,90,1.0,1,1.0,1,0,100.0,1,0,0,0,0.0,1,1,0,0,0.0,0.0,0.0,0.0,1.0,0.0,0.0,-0.01,0.0,7.0,0.0,20.0,3.0,30.0,28.1,3.0,33.3,34.3,5.0,0.0,0.0,5.0,5.0,27.3,0,6
25,27,Jack Butland,eng ENG,GK,Crystal Palace,eng Premier League,28,1993,9,8,765,8.5,13,1.53,28,16,53.6,2,4,2,1,12.5,1,0,1,0,100.0,1.0,1.0,2.0,9.7,0.31,-1.3,-0.16,25.0,93.0,26.9,221.0,40.0,28.5,29.8,66.0,45.5,36.3,139.0,11.0,7.9,7.0,0.82,11.2,30,62
26,28,Marcin Bułka,pl POL,GK,Nice,fr Ligue 1,21,1999,1,1,90,1.0,1,1.0,5,4,80.0,0,0,1,0,0.0,0,0,0,0,0.0,0.0,0.0,0.0,1.7,0.35,0.7,0.73,1.0,3.0,33.3,17.0,6.0,11.8,19.2,7.0,14.3,24.9,14.0,1.0,7.1,1.0,1.0,22.5,1,2
27,29,Willy Caballero,ar ARG,GK,Southampton,eng Premier League,39,1981,2,2,180,2.0,5,2.5,11,6,54.5,0,1,1,0,0.0,0,0,0,0,0.0,0.0,1.0,0.0,3.3,0.31,-1.7,-0.85,17.0,36.0,47.2,47.0,0.0,51.1,38.4,13.0,92.3,56.5,33.0,1.0,3.0,4.0,2.0,14.0,11,24
28,30,Marc-Aurèle Caillard,fr FRA,GK,Metz,fr Ligue 1,27,1994,19,17,1542,17.1,30,1.75,87,57,67.8,4,5,8,5,29.4,2,2,0,0,0.0,0.0,7.0,0.0,27.5,0.3,-2.5,-0.15,103.0,276.0,37.3,286.0,87.0,44.8,38.9,168.0,88.1,58.5,263.0,10.0,3.8,13.0,0.76,12.8,148,128
29,31,Cárdenas,es ESP,GK,Levante,es La Liga,24,1997,24,24,2160,24.0,46,1.92,120,74,65.0,6,6,12,5,20.8,4,4,0,0,0.0,1.0,5.0,0.0,41.5,0.31,-4.5,-0.19,92.0,296.0,31.1,525.0,85.0,41.9,36.6,198.0,38.4,35.7,332.0,10.0,3.0,26.0,1.08,15.6,76,219
30,32,Kiko Casilla,es ESP,GK,Elche,es La Liga,34,1986,14,14,1260,14.0,17,1.21,60,43,71.7,3,4,7,3,21.4,0,0,0,0,0.0,0.0,1.0,0.0,17.2,0.29,0.2,0.01,75.0,218.0,34.4,348.0,77.0,42.5,36.4,136.0,51.5,40.8,217.0,8.0,3.7,15.0,1.07,15.2,70,147
31,33,Koen Casteels,be BEL,GK,Wolfsburg,de Bundesliga,29,1992,28,28,2520,28.0,40,1.43,118,76,68.6,11,6,11,10,35.7,6,3,2,1,40.0,0.0,4.0,0.0,42.0,0.32,2.0,0.07,165.0,370.0,44.6,873.0,135.0,30.6,32.3,204.0,50.5,42.1,413.0,31.0,7.5,30.0,1.07,14.8,103,267
32,34,Leonardo César Jardim,br BRA,GK,Lille,fr Ligue 1,26,1995,17,17,1530,17.0,20,1.18,62,47,74.2,6,6,5,8,47.1,5,4,1,0,20.0,0.0,0.0,0.0,0.0,0.0,0.0,0.0,0.0,0.0,0.0,0.0,0.0,0.0,0.0,0.0,0.0,0.0,0.0,0.0,0.0,0.0,0.0,0.0,0,0
33,35,Jasper Cillessen,nl NED,GK,Valencia,es La Liga,32,1989,17,17,1457,16.2,29,1.79,77,49,68.8,4,8,5,3,17.6,6,5,1,0,16.7,0.0,4.0,2.0,28.6,0.31,1.6,0.1,104.0,242.0,43.0,351.0,69.0,49.0,39.8,94.0,74.5,54.6,195.0,6.0,3.1,14.0,0.86,16.0,70,171
34,36,Diego Conde,es ESP,GK,Getafe,es La Liga,22,1998,1,0,6,0.1,0,0.0,0,0,0.0,0,0,0,1,0.0,0,0,0,0,0.0,0.0,0.0,0.0,0.0,0.0,0.0,0.0,0.0,6.0,0.0,4.0,0.0,100.0,61.0,2.0,100.0,68.0,5.0,1.0,20.0,0.0,0.0,5.0,2,4
35,37,Andrea Consigli,it ITA,GK,Sassuolo,it Serie A,34,1987,37,37,3322,36.9,63,1.71,171,108,67.8,13,11,13,3,8.1,9,8,1,0,11.1,0.0,10.0,1.0,56.0,0.28,-6.0,-0.16,186.0,431.0,43.2,1219.0,174.0,29.0,30.9,246.0,31.7,28.8,491.0,21.0,4.3,30.0,0.81,13.4,77,353
36,38,Benoît Costil,fr FRA,GK,Bordeaux,fr Ligue 1,34,1987,25,25,2250,25.0,62,2.48,133,72,57.1,3,8,14,0,0.0,5,5,0,0,0.0,1.0,5.0,1.0,44.1,0.29,-16.9,-0.68,181.0,424.0,42.7,686.0,78.0,40.2,35.3,218.0,67.9,47.9,355.0,9.0,2.5,39.0,1.56,16.9,148,275
37,39,Thibaut Courtois,be BEL,GK,Real Madrid,es La Liga,29,1992,36,36,3240,36.0,29,0.81,120,91,77.5,26,7,3,16,44.4,3,2,1,0,33.3,1.0,2.0,0.0,33.3,0.25,4.3,0.12,74.0,251.0,29.5,936.0,188.0,20.3,28.8,199.0,30.7,34.3,467.0,21.0,4.5,31.0,0.86,15.5,61,190
38,40,Alessio Cragno,it ITA,GK,Cagliari,it Serie A,27,1994,35,35,3150,35.0,63,1.8,168,104,66.1,6,10,19,2,5.7,8,6,2,0,25.0,4.0,10.0,1.0,52.4,0.28,-9.6,-0.27,321.0,703.0,45.7,890.0,112.0,52.9,39.4,316.0,73.4,48.2,484.0,22.0,4.5,33.0,0.94,15.0,231,470
39,41,Finn Dahmen,de GER,GK,Mainz 05,de Bundesliga,23,1998,2,2,180,2.0,3,1.5,5,2,60.0,1,1,0,0,0.0,1,1,0,0,0.0,0.0,0.0,0.0,2.1,0.24,-0.9,-0.43,3.0,14.0,21.4,59.0,9.0,16.9,25.8,20.0,20.0,31.2,27.0,2.0,7.4,2.0,1.0,14.4,4,9
40,42,Karl Darlow,eng ENG,GK,Newcastle Utd,eng Premier League,30,1990,8,8,720,8.0,15,1.87,37,23,64.9,0,5,3,0,0.0,2,2,0,0,0.0,0.0,1.0,1.0,9.5,0.21,-4.5,-0.56,72.0,163.0,44.2,187.0,28.0,61.5,44.5,62.0,77.4,56.7,106.0,5.0,4.7,4.0,0.5,10.5,47,115
41,43,Arthur Desmas,fr FRA,GK,Clermont Foot,fr Ligue 1,27,1994,15,15,1304,14.5,33,2.28,66,34,54.5,3,5,7,3,20.0,3,3,0,0,0.0,0.0,3.0,1.0,22.3,0.3,-9.7,-0.67,32.0,133.0,24.1,302.0,53.0,28.8,30.2,112.0,41.1,33.8,159.0,5.0,3.1,4.0,0.28,10.6,46,86
42,44,Javier Díaz,es ESP,GK,Sevilla,es La Liga,24,1997,1,1,90,1.0,1,1.0,2,1,50.0,0,1,0,0,0.0,0,0,0,0,0.0,0.0,0.0,0.0,0.6,0.28,-0.4,-0.45,5.0,10.0,50.0,31.0,2.0,25.8,29.1,3.0,66.7,49.3,17.0,1.0,5.9,0.0,0.0,13.7,2,7
43,45,Stole Dimitrievski,mk MKD,GK,Rayo Vallecano,es La Liga,27,1993,31,30,2772,30.8,37,1.2,126,88,76.2,11,8,11,9,30.0,9,7,2,0,22.2,0.0,3.0,1.0,37.7,0.23,1.7,0.05,182.0,554.0,32.9,711.0,151.0,54.3,42.1,230.0,73.0,53.5,405.0,35.0,8.6,35.0,1.14,13.9,167,386
44,46,Matías Dituro,ar ARG,GK,Celta Vigo,es La Liga,34,1987,38,38,3420,38.0,43,1.13,136,91,71.3,12,10,16,14,36.8,8,4,4,0,50.0,0.0,1.0,2.0,43.3,0.27,2.3,0.06,303.0,804.0,37.7,1176.0,131.0,51.3,40.3,283.0,71.0,52.4,452.0,36.0,8.0,37.0,0.97,14.3,200,603
45,47,Ouparine Djoco,sn SEN,GK,Clermont Foot,fr Ligue 1,23,1998,24,23,2116,23.5,36,1.53,99,65,65.7,6,4,13,5,21.7,2,2,0,0,0.0,0.0,7.0,2.0,28.2,0.27,-5.8,-0.24,92.0,302.0,30.5,584.0,107.0,36.6,33.7,154.0,57.1,40.5,304.0,23.0,7.6,28.0,1.19,14.2,87,213
46,48,Marko Dmitrović,rs SRB,GK,Sevilla,es La Liga,29,1992,6,6,540,6.0,5,0.83,19,14,73.7,4,2,0,4,66.7,0,0,0,0,0.0,0.0,0.0,0.0,4.1,0.21,-0.9,-0.16,24.0,58.0,41.4,191.0,27.0,24.6,30.5,33.0,33.3,35.8,66.0,4.0,6.1,12.0,2.0,17.5,10,46
47,49,Jaume Doménech,es ESP,GK,Valencia,es La Liga,30,1990,4,3,343,3.8,4,1.05,11,8,63.6,2,0,1,1,33.3,0,0,0,0,0.0,0.0,1.0,1.0,4.3,0.39,1.3,0.34,29.0,67.0,43.3,75.0,7.0,56.0,42.6,32.0,78.1,52.6,66.0,1.0,1.5,2.0,0.52,9.3,24,42
48,50,Gianluigi Donnarumma,it ITA,GK,Paris S-G,fr Ligue 1,22,1999,17,17,1530,17.0,17,1.0,61,45,73.8,13,2,2,5,29.4,1,1,0,0,0.0,0.0,3.0,1.0,17.5,0.27,1.5,0.09,20.0,47.0,42.6,374.0,108.0,8.8,22.0,95.0,14.7,21.7,176.0,11.0,6.3,34.0,2.0,18.4,13,32
49,51,Bartłomiej Drągowski,pl POL,GK,Fiorentina,it Serie A,23,1997,7,7,556,6.2,8,1.29,26,17,73.1,3,0,4,2,28.6,2,1,1,0,50.0,0.0,1.0,0.0,8.1,0.24,0.1,0.02,43.0,97.0,44.3,304.0,23.0,26.3,30.8,39.0,43.6,40.2,61.0,2.0,3.3,20.0,3.24,22.3,17,79
50,52,Matthieu Dreyer,fr FRA,GK,Lorient,fr Ligue 1,32,1989,16,16,1440,16.0,25,1.56,57,32,57.9,5,4,7,7,43.8,1,1,0,0,0.0,0.0,1.0,0.0,19.3,0.32,-5.7,-0.36,67.0,203.0,33.0,282.0,46.0,38.3,36.3,133.0,71.4,48.9,223.0,5.0,2.2,10.0,0.63,15.4,94,108
51,53,Martin Dúbravka,sk SVK,GK,Newcastle Utd,eng Premier League,32,1989,26,26,2340,26.0,35,1.35,106,72,67.9,13,4,9,8,30.8,1,1,0,0,0.0,0.0,7.0,1.0,34.0,0.32,0.0,0.0,207.0,497.0,41.6,605.0,88.0,46.3,37.0,236.0,91.9,60.5,360.0,22.0,6.1,14.0,0.54,11.9,216,280
52,54,Ederson,br BRA,GK,Manchester City,eng Premier League,27,1993,37,37,3330,37.0,26,0.7,83,57,69.9,28,6,3,20,54.1,1,1,0,0,0.0,0.0,1.0,0.0,25.7,0.3,-0.3,-0.01,87.0,182.0,47.8,988.0,165.0,15.7,25.7,138.0,19.6,26.8,300.0,21.0,7.0,55.0,1.49,19.0,27,155
53,55,Aarón Escandell,es ESP,GK,Granada,es La Liga,25,1995,4,3,284,3.2,6,1.9,16,10,75.0,0,2,1,1,33.3,2,2,0,0,0.0,0.0,0.0,0.0,4.2,0.14,-1.8,-0.57,35.0,88.0,39.8,91.0,13.0,64.8,44.0,37.0,78.4,51.2,41.0,3.0,7.3,10.0,3.17,16.1,29,58
54,56,Michael Esser,de GER,GK,Bochum,de Bundesliga,33,1987,3,3,270,3.0,7,2.33,21,14,76.2,2,0,1,0,0.0,2,2,0,0,0.0,0.0,1.0,0.0,8.5,0.32,1.5,0.51,20.0,65.0,30.8,104.0,10.0,41.3,36.1,30.0,73.3,48.3,52.0,1.0,1.9,1.0,0.33,10.7,21,42
55,57,Łukasz Fabiański,pl POL,GK,West Ham,eng Premier League,36,1985,37,37,3330,37.0,50,1.35,162,111,70.4,16,8,13,8,21.6,6,2,3,1,60.0,2.0,8.0,2.0,46.8,0.26,-1.2,-0.03,193.0,525.0,36.8,736.0,164.0,48.9,38.2,277.0,59.6,44.4,595.0,28.0,4.7,12.0,0.32,10.4,165,359
56,58,Wladimiro Falcone,it ITA,GK,Sampdoria,it Serie A,26,1995,10,9,855,9.5,14,1.47,54,41,75.9,2,1,6,2,22.2,1,1,0,0,0.0,0.0,0.0,1.0,11.8,0.2,-1.2,-0.13,63.0,150.0,42.0,284.0,42.0,34.5,33.2,74.0,70.3,45.0,164.0,7.0,4.3,2.0,0.21,10.2,52,97
57,59,Wuilker Faríñez,ve VEN,GK,Lens,fr Ligue 1,23,1998,13,11,1105,12.3,15,1.22,45,30,68.9,7,3,1,3,27.3,1,1,0,0,0.0,0.0,1.0,0.0,13.1,0.28,-1.9,-0.15,25.0,82.0,30.5,221.0,61.0,30.3,30.6,82.0,18.3,24.4,159.0,15.0,9.4,21.0,1.71,16.6,15,66
58,60,Aitor Fernández,es ESP,GK,Levante,es La Liga,30,1991,13,13,1166,13.0,29,2.24,81,51,65.4,1,5,7,2,15.4,2,1,1,0,50.0,0.0,8.0,0.0,23.5,0.27,-5.5,-0.42,59.0,154.0,38.3,286.0,66.0,41.6,36.2,92.0,38.0,34.9,177.0,9.0,5.1,21.0,1.62,18.1,34,118
59,61,Álvaro Fernández,es ESP,GK,Brentford,eng Premier League,23,1998,12,12,1080,12.0,24,2.0,69,47,66.7,3,2,7,1,8.3,1,1,0,0,0.0,0.0,5.0,2.0,19.9,0.28,-2.1,-0.17,64.0,216.0,29.6,433.0,60.0,40.4,33.9,83.0,49.4,36.9,194.0,9.0,4.6,18.0,1.5,16.8,41,174
60,62,Vincenzo Fiorillo,it ITA,GK,Salernitana,it Serie A,31,1990,1,1,90,1.0,5,5.0,8,3,37.5,0,0,1,0,0.0,0,0,0,0,0.0,0.0,1.0,0.0,2.7,0.34,-2.3,-2.32,11.0,17.0,64.7,19.0,4.0,36.8,36.4,12.0,83.3,50.8,16.0,0.0,0.0,0.0,0.0,4.0,9,6
61,63,Mark Flekken,nl NED,GK,Freiburg,de Bundesliga,28,1993,32,32,2880,32.0,39,1.22,141,103,73.8,15,9,8,10,31.3,2,2,0,0,0.0,1.0,3.0,1.0,39.7,0.27,1.7,0.05,245.0,633.0,38.7,1084.0,112.0,41.5,37.8,244.0,75.0,59.1,462.0,14.0,3.0,35.0,1.09,15.8,183,449
62,64,Fraser Forster,eng ENG,GK,Southampton,eng Premier League,33,1988,19,19,1710,19.0,35,1.84,101,68,67.3,6,5,8,3,15.8,2,2,0,0,0.0,0.0,5.0,2.0,32.4,0.31,-0.6,-0.03,105.0,330.0,31.8,461.0,71.0,50.1,39.6,140.0,70.7,49.5,285.0,19.0,6.7,24.0,1.26,12.3,98,230
63,65,Ben Foster,eng ENG,GK,Watford,eng Premier League,38,1983,26,26,2340,26.0,49,1.88,116,67,60.3,5,5,16,4,15.4,4,3,1,0,25.0,0.0,3.0,1.0,37.1,0.29,-10.9,-0.42,196.0,622.0,31.5,657.0,76.0,64.1,44.7,223.0,90.1,60.6,455.0,20.0,4.4,37.0,1.42,15.9,200,421
64,66,Christian Früchtl,de GER,GK,Bayern Munich,de Bundesliga,21,2000,1,0,10,0.1,0,0.0,0,0,0.0,0,0,0,0,0.0,0,0,0,0,0.0,0.0,0.0,0.0,0.0,0.0,0.0,0.0,1.0,1.0,100.0,4.0,0.0,25.0,18.0,0.0,0.0,0.0,0.0,0.0,0.0,0.0,0.0,19.0,0,1
65,67,Marius Funk,de GER,GK,Greuther Fürth,de Bundesliga,25,1996,8,8,720,8.0,30,3.75,54,26,48.1,0,0,8,0,0.0,2,2,0,0,0.0,0.0,3.0,2.0,24.2,0.41,-3.8,-0.47,65.0,182.0,35.7,288.0,26.0,45.8,37.5,70.0,71.4,52.2,95.0,7.0,7.4,19.0,2.38,18.6,49,131
66,68,Gauthier Gallon,fr FRA,GK,Troyes,fr Ligue 1,28,1993,31,31,2790,31.0,45,1.45,135,92,72.6,8,8,15,8,25.8,8,8,0,0,0.0,1.0,7.0,2.0,45.3,0.28,2.3,0.07,183.0,452.0,40.5,814.0,159.0,38.9,34.7,246.0,54.9,40.1,411.0,19.0,4.6,25.0,0.81,14.5,135,316
67,69,Joan García,es ESP,GK,Espanyol,es La Liga,20,2001,2,1,108,1.2,3,2.5,3,0,0.0,0,0,1,0,0.0,0,0,0,0,0.0,0.0,0.0,0.0,1.0,0.33,-2.0,-1.68,4.0,10.0,40.0,32.0,9.0,25.0,28.8,2.0,100.0,71.0,16.0,0.0,0.0,5.0,4.17,26.3,2,8
68,70,David de Gea,es ESP,GK,Manchester Utd,eng Premier League,30,1990,38,38,3420,38.0,57,1.5,180,124,70.0,16,10,12,8,21.1,5,3,2,0,40.0,0.0,4.0,3.0,55.1,0.29,1.1,0.03,103.0,315.0,32.7,623.0,134.0,30.0,30.9,299.0,42.8,35.9,525.0,8.0,1.5,25.0,0.66,14.0,127,186
69,71,Luca Gemello,it ITA,GK,Torino,it Serie A,21,2000,1,1,90,1.0,0,0.0,3,3,100.0,1,0,0,1,100.0,0,0,0,0,0.0,0.0,0.0,0.0,0.2,0.08,0.2,0.23,6.0,24.0,25.0,31.0,1.0,67.7,47.8,3.0,100.0,56.3,10.0,0.0,0.0,1.0,1.0,21.0,3,20
70,72,Rafał Gikiewicz,pl POL,GK,Augsburg,de Bundesliga,33,1987,34,34,3060,34.0,56,1.65,156,102,67.3,10,8,16,9,26.5,5,5,0,0,0.0,1.0,2.0,2.0,52.3,0.31,-1.7,-0.05,233.0,579.0,40.2,951.0,145.0,41.9,36.5,287.0,63.1,47.7,532.0,24.0,4.5,51.0,1.5,16.7,181,398
71,73,Alfred Gomis,sn SEN,GK,Rennes,fr Ligue 1,27,1993,25,25,2250,25.0,25,1.0,67,43,68.7,14,5,6,10,40.0,4,4,0,0,0.0,0.0,4.0,1.0,23.9,0.33,-0.1,0.0,130.0,304.0,42.8,627.0,119.0,32.1,31.4,151.0,68.2,49.5,362.0,17.0,4.7,31.0,1.24,16.1,102,201
72,74,Jens Grahl,de GER,GK,Eint Frankfurt,de Bundesliga,32,1988,1,1,90,1.0,2,2.0,4,2,50.0,0,0,1,0,0.0,0,0,0,0,0.0,0.0,0.0,0.0,0.7,0.16,-1.3,-1.35,1.0,4.0,25.0,18.0,5.0,0.0,21.9,11.0,36.4,36.8,10.0,1.0,10.0,0.0,0.0,10.8,4,0
73,75,Ivo Grbić,hr CRO,GK,Lille,fr Ligue 1,25,1996,21,21,1890,21.0,28,1.33,85,58,69.4,8,7,6,2,9.5,2,2,0,0,0.0,1.0,5.0,1.0,23.2,0.25,-3.8,-0.18,97.0,267.0,36.3,419.0,87.0,41.5,35.2,166.0,56.0,43.5,310.0,16.0,5.2,13.0,0.62,11.7,92,173
74,76,Etienne Green,eng ENG,GK,Saint-Étienne,fr Ligue 1,21,2000,15,15,1197,13.3,27,2.03,67,42,61.2,2,5,8,1,6.7,1,1,0,0,0.0,1.0,1.0,2.0,23.9,0.34,-1.1,-0.08,64.0,166.0,38.6,290.0,64.0,34.8,34.4,110.0,59.1,46.6,173.0,6.0,3.5,14.0,1.05,14.1,65,100
75,77,Dominik Greif,sk SVK,GK,Mallorca,es La Liga,24,1997,1,1,90,1.0,3,3.0,6,3,50.0,0,0,1,0,0.0,0,0,0,0,0.0,1.0,0.0,0.0,1.5,0.24,-1.5,-1.53,1.0,10.0,10.0,21.0,6.0,33.3,34.1,10.0,30.0,32.7,13.0,0.0,0.0,1.0,1.0,12.5,3,6
76,78,Lennart Grill,de GER,GK,Leverkusen,de Bundesliga,22,1999,1,1,90,1.0,2,2.0,6,5,66.7,1,0,0,0,0.0,0,0,0,0,0.0,0.0,0.0,1.0,1.8,0.31,0.8,0.84,5.0,17.0,29.4,37.0,7.0,29.7,28.5,10.0,60.0,43.8,12.0,0.0,0.0,0.0,0.0,12.0,6,10
77,79,Vicente Guaita,es ESP,GK,Crystal Palace,eng Premier League,34,1987,30,30,2655,29.5,33,1.12,116,83,74.1,9,11,10,11,36.7,3,3,0,0,0.0,1.0,10.0,0.0,28.8,0.23,-4.2,-0.14,105.0,282.0,37.2,778.0,182.0,26.6,28.3,201.0,37.3,31.5,386.0,17.0,4.4,36.0,1.22,16.3,74,206
78,80,Péter Gulácsi,hu HUN,GK,RB Leipzig,de Bundesliga,31,1990,33,33,2967,33.0,34,1.03,111,78,72.1,17,7,9,9,27.3,3,3,0,0,0.0,0.0,6.0,1.0,31.9,0.27,-1.1,-0.03,117.0,310.0,37.7,976.0,162.0,24.9,29.5,198.0,33.8,33.1,349.0,14.0,4.0,61.0,1.85,20.6,66,243
79,81,Angus Gunn,sct SCO,GK,Norwich City,eng Premier League,25,1996,9,9,810,9.0,22,2.44,57,34,64.9,1,2,6,1,11.1,4,2,1,1,33.3,0.0,2.0,0.0,19.3,0.3,-2.7,-0.3,45.0,129.0,34.9,219.0,47.0,43.4,34.5,86.0,39.5,34.5,175.0,3.0,1.7,14.0,1.56,17.3,33,95
80,82,Samir Handanović,si SVN,GK,Inter,it Serie A,37,1984,37,37,3330,37.0,30,0.81,124,95,79.0,25,9,3,15,40.5,4,4,0,0,0.0,0.0,3.0,1.0,33.2,0.24,4.2,0.11,139.0,301.0,46.2,1118.0,176.0,24.3,28.1,142.0,20.4,26.5,393.0,15.0,3.8,10.0,0.27,11.2,28,271
81,83,Wayne Hennessey,wls WAL,GK,Burnley,eng Premier League,34,1987,2,2,180,2.0,6,3.0,13,8,53.8,0,0,2,0,0.0,0,0,0,0,0.0,0.0,1.0,1.0,3.2,0.26,-1.8,-0.91,27.0,63.0,42.9,57.0,7.0,77.2,50.8,21.0,90.5,63.6,37.0,0.0,0.0,4.0,2.0,17.0,19,44
82,84,Sergio Herrera,es ESP,GK,Osasuna,es La Liga,28,1993,36,36,3240,36.0,48,1.33,147,97,70.1,12,10,14,12,33.3,7,4,3,0,42.9,0.0,10.0,1.0,48.1,0.29,1.1,0.03,388.0,850.0,45.6,852.0,78.0,69.0,46.5,306.0,85.6,58.5,529.0,23.0,4.3,64.0,1.78,18.1,261,587
83,85,Marwin Hitz,ch SUI,GK,Dortmund,de Bundesliga,33,1987,5,4,405,4.5,12,2.67,25,13,60.0,1,0,3,0,0.0,2,2,0,0,0.0,0.0,1.0,0.0,8.6,0.27,-3.4,-0.76,16.0,32.0,50.0,147.0,31.0,18.4,27.7,30.0,16.7,28.2,54.0,3.0,5.6,9.0,2.0,20.6,5,27
84,86,Timo Horn,de GER,GK,Köln,de Bundesliga,28,1993,13,13,1170,13.0,21,1.62,56,36,62.5,4,6,3,1,7.7,0,0,0,0,0.0,0.0,3.0,1.0,19.7,0.36,-0.3,-0.02,67.0,166.0,40.4,438.0,47.0,32.2,33.1,81.0,30.9,33.4,149.0,4.0,2.7,19.0,1.46,17.4,25,141
85,87,Lukáš Hrádecký,fi FIN,GK,Leverkusen,de Bundesliga,31,1989,32,32,2880,32.0,44,1.37,154,109,72.7,17,7,8,8,25.0,4,2,1,1,33.3,2.0,6.0,0.0,41.9,0.26,-2.1,-0.07,130.0,381.0,34.1,1050.0,173.0,27.8,30.6,209.0,42.6,37.4,385.0,17.0,4.4,45.0,1.41,17.5,89,291
86,88,Stefanos Kapino,gr GRE,GK,Arminia,de Bundesliga,27,1994,1,1,90,1.0,0,0.0,4,4,100.0,1,0,0,1,100.0,0,0,0,0,0.0,0.0,0.0,0.0,1.0,0.26,1.0,1.02,7.0,16.0,43.8,21.0,3.0,38.1,37.3,10.0,80.0,48.9,31.0,1.0,3.2,2.0,2.0,18.4,8,8
87,89,Eiji Kawashima,jp JPN,GK,Strasbourg,fr Ligue 1,38,1983,1,1,90,1.0,0,0.0,1,1,100.0,1,0,0,1,100.0,0,0,0,0,0.0,0.0,0.0,0.0,0.1,0.07,0.1,0.07,3.0,6.0,50.0,23.0,5.0,13.0,26.0,7.0,42.9,31.7,12.0,2.0,16.7,0.0,0.0,12.0,3,2
88,90,Caoimhín Kelleher,ie IRL,GK,Liverpool,eng Premier League,22,1998,2,2,180,2.0,2,1.0,8,6,75.0,1,1,0,1,50.0,0,0,0,0,0.0,0.0,0.0,0.0,2.2,0.28,0.2,0.11,2.0,10.0,20.0,78.0,13.0,11.5,22.7,13.0,7.7,23.0,20.0,0.0,0.0,3.0,1.5,17.1,1,8
89,91,Kristoffer Klaesson,no NOR,GK,Leeds United,eng Premier League,20,2000,1,0,36,0.4,0,0.0,4,4,100.0,0,0,0,0,0.0,0,0,0,0,0.0,0.0,0.0,0.0,0.6,0.14,0.6,1.38,1.0,3.0,33.3,8.0,2.0,25.0,30.4,3.0,33.3,28.7,7.0,0.0,0.0,2.0,5.0,23.7,0,2
90,92,Gregor Kobel,ch SUI,GK,Dortmund,de Bundesliga,23,1997,29,29,2565,28.5,39,1.37,110,73,67.3,20,3,6,7,24.1,3,3,0,0,0.0,2.0,5.0,2.0,37.3,0.32,0.3,0.01,77.0,240.0,32.1,836.0,142.0,20.5,27.5,185.0,37.3,35.4,343.0,17.0,5.0,49.0,1.72,16.1,69,171
91,93,Tim Krul,nl NED,GK,Norwich City,eng Premier League,33,1988,29,29,2610,29.0,62,2.14,165,105,66.7,4,5,20,5,17.2,8,7,0,1,0.0,1.0,7.0,2.0,48.3,0.27,-11.7,-0.4,134.0,399.0,33.6,847.0,168.0,34.5,34.3,224.0,47.8,40.1,442.0,14.0,3.2,19.0,0.66,12.6,107,292
92,94,Alban Lafont,fr FRA,GK,Nantes,fr Ligue 1,22,1999,38,38,3420,38.0,48,1.26,155,105,71.6,15,10,13,8,21.1,7,4,3,0,42.9,0.0,6.0,1.0,52.4,0.3,5.4,0.14,206.0,607.0,33.9,824.0,137.0,46.2,39.2,288.0,78.5,55.5,491.0,27.0,5.5,56.0,1.47,14.9,226,380
93,95,Jean-Louis Leca,fr FRA,GK,Lens,fr Ligue 1,35,1985,27,27,2313,25.7,33,1.28,100,66,70.0,10,8,9,5,18.5,4,3,1,0,25.0,1.0,2.0,0.0,31.8,0.29,-1.2,-0.05,108.0,259.0,41.7,535.0,133.0,35.3,31.3,199.0,35.2,33.1,293.0,19.0,6.5,24.0,0.93,14.1,70,188
94,96,Jeremías Ledesma,ar ARG,GK,Cádiz,es La Liga,28,1993,38,38,3420,38.0,51,1.34,170,117,76.5,8,15,15,13,34.2,13,11,2,0,15.4,0.0,10.0,0.0,52.8,0.24,1.8,0.05,272.0,792.0,34.3,840.0,119.0,63.3,46.0,313.0,83.1,60.2,586.0,42.0,7.2,28.0,0.74,12.1,260,531
95,97,Bernd Leno,de GER,GK,Arsenal,eng Premier League,29,1992,4,4,360,4.0,9,2.25,19,10,52.6,1,0,3,1,25.0,0,0,0,0,0.0,0.0,0.0,0.0,9.4,0.5,0.4,0.11,17.0,53.0,32.1,77.0,13.0,35.1,33.8,37.0,70.3,50.4,73.0,6.0,8.2,1.0,0.25,7.3,26,27
96,98,Alexandre Letellier,fr FRA,GK,Paris S-G,fr Ligue 1,30,1990,1,0,8,0.1,0,0.0,0,0,0.0,0,0,0,1,0.0,0,0,0,0,0.0,0.0,0.0,0.0,0.0,0.0,0.0,0.0,0.0,0.0,0.0,2.0,0.0,0.0,22.0,1.0,0.0,34.0,1.0,0.0,0.0,0.0,0.0,0.0,0,0
97,99,Luca Lezzerini,it ITA,GK,Venezia,it Serie A,26,1995,6,6,495,5.5,9,1.64,39,30,76.9,2,1,3,0,0.0,0,0,0,0,0.0,0.0,0.0,0.0,9.3,0.25,0.3,0.05,22.0,59.0,37.3,155.0,39.0,28.4,30.3,44.0,34.1,31.0,100.0,2.0,2.0,3.0,0.55,13.8,15,44
98,100,Andreas Linde,se SWE,GK,Greuther Fürth,de Bundesliga,28,1993,12,12,1080,12.0,24,2.0,62,39,62.9,1,5,6,3,25.0,1,1,0,0,0.0,0.0,5.0,1.0,19.7,0.31,-3.3,-0.27,63.0,211.0,29.9,408.0,69.0,39.0,35.1,87.0,59.8,44.8,227.0,13.0,5.7,10.0,0.83,13.8,52,159
99,101,Hugo Lloris,fr FRA,GK,Tottenham,eng Premier League,34,1986,38,38,3420,38.0,40,1.05,137,98,72.3,22,5,11,16,42.1,2,2,0,0,0.0,1.0,5.0,1.0,37.6,0.26,-1.4,-0.04,115.0,279.0,41.2,676.0,161.0,29.6,31.0,278.0,28.4,26.5,567.0,33.0,5.8,45.0,1.18,14.2,78,200
100,102,Anthony Lopes,pt POR,GK,Lyon,fr Ligue 1,30,1990,34,34,2982,33.1,45,1.36,148,105,71.6,14,11,9,8,23.5,4,3,1,0,25.0,1.0,8.0,3.0,42.7,0.26,0.7,0.02,113.0,263.0,43.0,910.0,160.0,23.0,29.3,219.0,24.7,31.4,412.0,17.0,4.1,28.0,0.85,14.6,54,209
101,103,Diego López,es ESP,GK,Espanyol,es La Liga,39,1981,36,36,3177,35.3,49,1.39,157,110,70.7,10,12,14,9,25.0,4,3,0,1,0.0,0.0,4.0,2.0,50.3,0.31,3.3,0.09,158.0,429.0,36.8,859.0,207.0,33.8,33.8,298.0,46.6,38.7,616.0,35.0,5.7,43.0,1.22,13.7,138,290
102,104,Pau López,es ESP,GK,Marseille,fr Ligue 1,26,1994,29,29,2610,29.0,31,1.07,86,55,68.6,15,6,8,10,34.5,4,4,0,0,0.0,0.0,5.0,0.0,29.9,0.32,-1.1,-0.04,79.0,248.0,31.9,1166.0,145.0,16.8,25.8,167.0,31.1,33.4,271.0,19.0,7.0,46.0,1.59,17.8,51,195
103,105,Jonas Lössl,dk DEN,GK,Brentford,eng Premier League,32,1989,2,2,180,2.0,5,2.5,7,2,28.6,0,0,2,0,0.0,0,0,0,0,0.0,0.0,0.0,0.0,3.2,0.46,-1.8,-0.9,9.0,25.0,36.0,48.0,6.0,43.8,35.7,13.0,30.8,31.7,30.0,1.0,3.3,5.0,2.5,22.7,4,21
104,106,Marcel Lotka,pl POL,GK,Hertha BSC,de Bundesliga,20,2001,10,9,885,9.8,20,2.03,49,29,65.3,2,1,6,2,22.2,3,3,0,0,0.0,0.0,4.0,0.0,13.8,0.23,-6.2,-0.63,63.0,188.0,33.5,262.0,47.0,52.3,39.7,73.0,69.9,52.5,144.0,13.0,9.0,10.0,1.02,12.1,51,137
105,107,Andriy Lunin,ua UKR,GK,Real Madrid,es La Liga,22,1999,2,2,180,2.0,2,1.0,9,6,88.9,0,1,1,0,0.0,2,1,1,0,50.0,0.0,0.0,0.0,3.6,0.22,1.6,0.81,5.0,10.0,50.0,57.0,13.0,7.0,23.3,23.0,26.1,33.6,39.0,3.0,7.7,0.0,0.0,9.9,6,3
106,108,Andrey Lunyov,ru RUS,GK,Leverkusen,de Bundesliga,29,1991,1,1,90,1.0,1,1.0,2,1,50.0,1,0,0,0,0.0,0,0,0,0,0.0,0.0,0.0,0.0,0.4,0.19,-0.6,-0.62,4.0,10.0,40.0,43.0,5.0,14.0,25.4,6.0,66.7,53.7,21.0,0.0,0.0,0.0,0.0,13.0,4,6
107,109,Andreas Luthe,de GER,GK,Union Berlin,de Bundesliga,34,1987,27,27,2430,27.0,39,1.44,104,68,64.4,11,7,9,6,22.2,2,2,0,0,0.0,0.0,5.0,3.0,30.5,0.29,-5.5,-0.2,163.0,472.0,34.5,784.0,122.0,43.6,36.0,217.0,59.9,44.2,399.0,29.0,7.3,24.0,0.89,12.9,129,341
108,110,Niki Mäenpää,fi FIN,GK,Venezia,it Serie A,36,1985,17,16,1485,16.5,27,1.64,84,57,73.8,1,4,11,1,6.3,6,5,0,1,0.0,0.0,4.0,0.0,28.2,0.28,1.2,0.07,70.0,221.0,31.7,379.0,74.0,43.5,36.0,143.0,39.2,35.4,275.0,6.0,2.2,10.0,0.61,10.8,56,164
109,111,Mike Maignan,fr FRA,GK,Milan,it Serie A,26,1995,32,32,2880,32.0,21,0.66,101,81,81.2,22,7,3,17,53.1,2,2,0,0,0.0,0.0,4.0,1.0,24.3,0.22,4.3,0.13,157.0,374.0,42.0,1004.0,164.0,31.5,33.0,149.0,38.9,36.5,347.0,25.0,7.2,45.0,1.41,16.8,57,316
110,112,Giorgi Mamardashvili,ge GEO,GK,Valencia,es La Liga,20,2000,18,18,1620,18.0,20,1.11,75,55,76.0,5,7,6,8,44.4,2,2,0,0,0.0,0.0,2.0,0.0,21.1,0.26,1.1,0.06,115.0,314.0,36.6,346.0,64.0,57.8,41.4,149.0,76.5,53.7,273.0,13.0,4.8,29.0,1.61,16.3,113,199
111,113,Steve Mandanda,fr FRA,GK,Marseille,fr Ligue 1,36,1985,9,9,810,9.0,7,0.78,26,20,73.1,6,2,1,5,55.6,0,0,0,0,0.0,0.0,3.0,1.0,6.7,0.26,0.7,0.08,40.0,104.0,38.5,332.0,37.0,23.5,28.0,67.0,38.8,34.4,135.0,6.0,4.4,21.0,2.33,19.1,25,78
112,114,Anthony Mandrea,dz ALG,GK,Angers,fr Ligue 1,24,1996,10,10,900,10.0,14,1.4,44,31,68.2,3,3,4,2,20.0,0,0,0,0,0.0,0.0,2.0,1.0,12.6,0.29,-0.4,-0.04,37.0,139.0,26.6,184.0,37.0,50.5,40.5,88.0,52.3,45.2,186.0,8.0,4.3,8.0,0.8,11.6,46,92
113,115,Davide Marfella,it ITA,GK,Napoli,it Serie A,21,1999,1,0,11,0.1,0,0.0,1,1,100.0,0,0,0,1,0.0,0,0,0,0,0.0,0.0,0.0,0.0,0.1,0.05,0.1,0.44,0.0,0.0,0.0,1.0,1.0,0.0,15.0,0.0,0.0,0.0,1.0,0.0,0.0,0.0,0.0,0.0,0,0
114,116,Emiliano Martínez,ar ARG,GK,Aston Villa,eng Premier League,28,1992,36,36,3240,36.0,48,1.33,140,93,68.6,13,6,17,11,30.6,6,4,1,1,20.0,2.0,5.0,2.0,42.1,0.27,-3.9,-0.11,146.0,406.0,36.0,824.0,162.0,36.4,33.6,275.0,38.5,34.1,474.0,34.0,7.2,33.0,0.92,15.4,105,299
115,117,Josep Martinez,es ESP,GK,RB Leipzig,de Bundesliga,23,1998,1,1,90,1.0,3,3.0,4,1,25.0,0,0,1,0,0.0,0,0,0,0,0.0,0.0,0.0,0.0,1.5,0.37,-1.5,-1.51,2.0,5.0,40.0,14.0,1.0,28.6,29.6,7.0,14.3,29.4,4.0,0.0,0.0,4.0,4.0,25.0,1,4
116,118,Luís Maximiano,pt POR,GK,Granada,es La Liga,22,1999,35,35,3136,34.8,55,1.58,177,122,71.8,8,12,15,7,20.0,7,5,2,0,28.6,0.0,7.0,2.0,56.0,0.28,3.0,0.09,232.0,730.0,31.8,839.0,149.0,56.7,42.6,335.0,75.8,52.5,574.0,29.0,5.1,54.0,1.55,17.6,253,475
117,119,Alex McCarthy,eng ENG,GK,Southampton,eng Premier League,31,1989,17,17,1530,17.0,27,1.59,71,44,62.0,3,7,7,5,29.4,0,0,0,0,0.0,0.0,6.0,0.0,21.5,0.31,-5.5,-0.32,74.0,246.0,30.1,383.0,78.0,40.7,34.7,125.0,72.0,50.6,255.0,22.0,8.6,5.0,0.29,9.6,90,155
118,120,Edouard Mendy,sn SEN,GK,Chelsea,eng Premier League,29,1992,34,34,3060,34.0,31,0.91,102,72,75.5,19,10,5,14,41.2,6,6,0,0,0.0,0.0,1.0,1.0,28.4,0.22,-1.6,-0.05,83.0,193.0,43.0,779.0,154.0,18.9,25.3,177.0,26.0,24.9,375.0,28.0,7.5,46.0,1.35,14.9,46,147
119,121,Alex Meret,it ITA,GK,Napoli,it Serie A,24,1997,7,7,619,6.9,6,0.87,29,23,79.3,5,1,1,2,28.6,0,0,0,0,0.0,0.0,0.0,0.0,6.4,0.22,0.4,0.06,13.0,29.0,44.8,160.0,45.0,12.5,25.1,36.0,25.0,26.5,89.0,3.0,3.4,5.0,0.73,14.6,9,20
120,122,Illan Meslier,fr FRA,GK,Leeds United,eng Premier League,21,2000,38,38,3384,37.6,79,2.1,220,142,66.4,9,11,18,5,13.2,5,5,0,0,0.0,3.0,10.0,1.0,61.8,0.26,-16.2,-0.43,108.0,410.0,26.3,1101.0,274.0,27.5,29.3,288.0,37.2,33.3,438.0,23.0,5.3,45.0,1.2,14.2,107,302
121,123,Vanja Milinković-Savić,rs SRB,GK,Torino,it Serie A,24,1997,27,27,2430,27.0,33,1.22,80,46,67.5,9,7,11,4,14.8,8,7,1,0,12.5,2.0,4.0,0.0,26.7,0.24,-6.3,-0.23,192.0,659.0,29.1,849.0,97.0,59.5,44.4,169.0,91.1,66.3,290.0,18.0,6.2,22.0,0.81,14.3,153,505
122,124,Lorenzo Montipò,it ITA,GK,Hellas Verona,it Serie A,25,1996,34,34,3060,34.0,50,1.47,137,88,65.0,13,10,11,4,11.8,3,2,1,0,33.3,1.0,7.0,2.0,40.6,0.28,-7.4,-0.22,189.0,577.0,32.8,733.0,120.0,57.2,42.3,231.0,68.4,46.5,495.0,21.0,4.2,23.0,0.68,13.1,158,419
123,125,Jessy Moulin,fr FRA,GK,Troyes,fr Ligue 1,35,1986,7,7,630,7.0,8,1.14,24,16,75.0,1,3,3,1,14.3,2,2,0,0,0.0,1.0,1.0,0.0,7.8,0.25,-0.2,-0.02,32.0,97.0,33.0,164.0,40.0,37.8,35.7,75.0,46.7,37.7,109.0,11.0,10.1,9.0,1.29,11.4,35,61
124,126,Florian Müller,de GER,GK,Stuttgart,de Bundesliga,23,1997,30,30,2700,30.0,52,1.73,139,88,65.5,7,10,13,4,13.3,4,4,0,0,0.0,1.0,5.0,1.0,46.3,0.31,-4.7,-0.16,92.0,235.0,39.1,773.0,152.0,21.2,27.3,240.0,29.6,30.7,447.0,17.0,3.8,37.0,1.23,15.4,71,163
125,127,Juan Musso,ar ARG,GK,Atalanta,it Serie A,27,1994,33,33,2932,32.6,42,1.29,119,80,67.2,16,8,9,8,24.2,4,3,0,1,0.0,0.0,2.0,3.0,37.5,0.3,-1.5,-0.05,147.0,348.0,42.2,744.0,170.0,27.4,31.3,208.0,69.2,49.7,308.0,28.0,9.1,39.0,1.2,16.5,143,203
126,128,Paul Nardi,fr FRA,GK,Lorient,fr Ligue 1,27,1994,22,22,1980,22.0,38,1.73,91,56,62.6,3,8,11,4,18.2,5,4,0,1,0.0,4.0,3.0,3.0,30.5,0.3,-4.5,-0.2,71.0,296.0,24.0,357.0,78.0,45.7,38.5,177.0,75.1,56.0,345.0,4.0,1.2,15.0,0.68,13.1,132,163
127,129,Keylor Navas,cr CRC,GK,Paris S-G,fr Ligue 1,34,1986,21,21,1856,20.6,18,0.87,78,60,79.5,13,6,2,7,33.3,2,2,0,0,0.0,0.0,2.0,0.0,18.3,0.21,0.3,0.01,23.0,58.0,39.7,415.0,100.0,11.3,24.5,132.0,8.3,22.2,239.0,5.0,2.1,20.0,0.97,16.3,10,46
128,130,Neto,br BRA,GK,Barcelona,es La Liga,32,1989,3,3,270,3.0,4,1.33,14,10,71.4,2,1,0,0,0.0,0,0,0,0,0.0,1.0,1.0,0.0,4.1,0.29,0.1,0.02,17.0,34.0,50.0,106.0,18.0,28.3,31.6,24.0,16.7,29.2,42.0,0.0,0.0,4.0,1.33,18.0,4,29
129,131,Manuel Neuer,de GER,GK,Bayern Munich,de Bundesliga,35,1986,28,28,2510,27.9,26,0.93,89,63,71.9,22,4,2,10,35.7,1,1,0,0,0.0,0.0,1.0,0.0,23.9,0.26,-2.1,-0.07,110.0,223.0,49.3,1085.0,163.0,19.0,27.6,166.0,10.2,25.3,262.0,9.0,3.4,95.0,3.41,26.2,16,206
130,132,Alexander Nübel,de GER,GK,Monaco,fr Ligue 1,24,1996,38,38,3420,38.0,40,1.05,141,104,77.3,20,9,9,11,28.9,9,8,0,1,0.0,0.0,5.0,3.0,41.5,0.24,4.5,0.12,160.0,415.0,38.6,839.0,173.0,31.9,32.5,280.0,52.5,42.5,427.0,23.0,5.4,46.0,1.21,17.1,147,267
131,133,Jan Oblak,si SVN,GK,Atlético Madrid,es La Liga,28,1993,38,38,3420,38.0,43,1.13,106,65,66.0,21,8,9,12,31.6,8,7,1,0,12.5,2.0,4.0,3.0,32.3,0.23,-7.7,-0.2,170.0,598.0,28.4,810.0,155.0,49.9,39.0,283.0,68.6,48.6,477.0,27.0,5.7,29.0,0.76,13.8,194,404
132,134,Oier Olazábal,es ESP,GK,Espanyol,es La Liga,31,1989,2,1,135,1.5,1,0.67,9,8,100.0,0,0,1,1,100.0,1,1,0,0,0.0,0.0,0.0,0.0,2.4,0.15,1.4,0.91,9.0,27.0,33.3,33.0,5.0,51.5,40.8,10.0,100.0,57.2,30.0,3.0,10.0,0.0,0.0,3.7,10,16
133,135,Robin Olsen,se SWE,GK,Aston Villa,eng Premier League,31,1990,1,1,90,1.0,3,3.0,5,2,40.0,0,0,1,0,0.0,0,0,0,0,0.0,0.0,0.0,0.0,2.2,0.44,-0.8,-0.78,8.0,25.0,32.0,26.0,7.0,46.2,38.3,20.0,65.0,48.6,28.0,5.0,17.9,0.0,0.0,5.8,13,12
134,136,Jonas Omlin,ch SUI,GK,Montpellier,fr Ligue 1,27,1994,29,29,2587,28.7,41,1.43,158,117,75.9,10,4,15,8,27.6,4,3,1,0,25.0,0.0,1.0,1.0,44.5,0.26,4.5,0.15,134.0,332.0,40.4,808.0,179.0,27.4,30.3,262.0,42.4,37.0,466.0,37.0,7.9,27.0,0.94,13.5,111,221
135,137,Stefan Ortega,de GER,GK,Arminia,de Bundesliga,28,1992,33,33,2970,33.0,53,1.61,176,125,73.9,4,13,16,6,18.2,7,7,0,0,0.0,1.0,6.0,2.0,55.8,0.28,4.8,0.15,412.0,902.0,45.7,1448.0,91.0,49.6,39.2,317.0,58.0,46.9,528.0,11.0,2.1,46.0,1.39,18.6,183,718
136,138,David Ospina,co COL,GK,Napoli,it Serie A,32,1988,31,31,2790,31.0,25,0.81,106,82,77.4,19,6,6,13,41.9,1,1,0,0,0.0,0.0,3.0,1.0,27.6,0.26,3.6,0.12,73.0,193.0,37.8,842.0,124.0,20.7,28.6,135.0,14.1,22.5,353.0,18.0,5.1,31.0,1.0,17.0,19,174
137,139,Alexandre Oukidja,dz ALG,GK,Metz,fr Ligue 1,33,1988,21,21,1875,20.8,39,1.87,91,54,60.4,2,8,11,3,14.3,3,3,0,0,0.0,1.0,2.0,2.0,29.8,0.3,-7.2,-0.35,131.0,335.0,39.1,431.0,137.0,48.0,39.7,167.0,76.6,54.9,319.0,39.0,12.2,42.0,2.02,14.8,127,206
138,140,Jesús Owono,gq EQG,GK,Alavés,es La Liga,20,2001,1,1,90,1.0,1,1.0,4,3,75.0,0,1,0,0,0.0,0,0,0,0,0.0,0.0,0.0,0.0,0.8,0.19,-0.2,-0.25,9.0,21.0,42.9,20.0,2.0,90.0,53.3,3.0,100.0,68.3,8.0,0.0,0.0,2.0,2.0,17.6,3,18
139,141,Fernando Pacheco,es ESP,GK,Alavés,es La Liga,29,1992,34,34,3053,33.9,60,1.77,148,85,62.8,8,5,21,5,14.7,8,5,3,0,37.5,0.0,9.0,0.0,51.8,0.31,-8.2,-0.24,331.0,693.0,47.8,721.0,85.0,64.2,44.5,308.0,74.7,50.6,545.0,24.0,4.4,43.0,1.27,15.7,230,462
140,142,Daniele Padelli,it ITA,GK,Udinese,it Serie A,35,1985,3,3,270,3.0,8,2.67,21,13,61.9,1,0,2,1,33.3,0,0,0,0,0.0,0.0,0.0,0.0,7.0,0.33,-1.0,-0.34,12.0,42.0,28.6,89.0,19.0,34.8,29.6,22.0,50.0,40.9,56.0,1.0,1.8,2.0,0.67,13.2,11,30
141,143,Ivor Pandur,hr CRO,GK,Hellas Verona,it Serie A,21,2000,3,3,270,3.0,6,2.0,15,9,66.7,1,0,2,0,0.0,1,1,0,0,0.0,1.0,1.0,0.0,5.7,0.33,-0.3,-0.1,15.0,26.0,57.7,53.0,9.0,34.0,33.1,15.0,53.3,37.1,22.0,1.0,4.5,1.0,0.33,11.3,7,18
142,144,Rui Patrício,pt POR,GK,Roma,it Serie A,33,1988,38,38,3420,38.0,43,1.13,146,104,74.0,18,9,11,15,39.5,6,5,1,0,16.7,2.0,5.0,2.0,42.2,0.25,1.2,0.03,174.0,393.0,44.3,854.0,141.0,37.7,34.2,222.0,32.0,31.5,393.0,12.0,3.1,26.0,0.68,14.3,71,321
143,145,Gianluca Pegolo,it ITA,GK,Sassuolo,it Serie A,40,1981,1,1,90,1.0,3,3.0,5,2,40.0,0,0,1,0,0.0,0,0,0,0,0.0,0.0,1.0,0.0,1.8,0.37,-1.2,-1.17,2.0,5.0,40.0,26.0,4.0,15.4,26.7,8.0,12.5,19.8,8.0,1.0,12.5,0.0,0.0,6.0,1,4
144,146,Philipp Pentke,de GER,GK,Hoffenheim,de Bundesliga,36,1985,1,1,90,1.0,3,3.0,7,4,57.1,1,0,0,0,0.0,0,0,0,0,0.0,0.0,0.0,0.0,1.7,0.24,-1.3,-1.34,5.0,13.0,38.5,32.0,5.0,34.4,28.5,7.0,28.6,30.1,10.0,1.0,10.0,0.0,0.0,11.3,2,11
145,147,Juan Pérez,es ESP,GK,Osasuna,es La Liga,25,1996,2,2,180,2.0,3,1.5,4,2,25.0,0,1,1,0,0.0,0,0,0,0,0.0,0.0,1.0,1.0,1.1,0.26,-0.9,-0.47,8.0,26.0,30.8,32.0,6.0,56.3,43.6,9.0,88.9,61.6,17.0,1.0,5.9,7.0,3.5,22.0,8,18
146,148,Mattia Perin,it ITA,GK,Juventus,it Serie A,28,1992,5,5,405,4.5,7,1.56,16,10,56.3,2,1,2,1,20.0,0,0,0,0,0.0,0.0,1.0,1.0,5.4,0.35,-0.6,-0.14,13.0,34.0,38.2,108.0,17.0,25.9,29.6,26.0,23.1,29.2,77.0,1.0,1.3,4.0,0.89,12.6,6,27
147,149,Pavao Pervan,at AUT,GK,Wolfsburg,de Bundesliga,33,1987,6,6,540,6.0,14,2.33,38,25,65.8,1,0,5,1,16.7,1,1,0,0,0.0,1.0,2.0,1.0,11.3,0.27,-1.7,-0.29,18.0,58.0,31.0,158.0,31.0,31.0,31.8,49.0,18.4,26.4,97.0,2.0,2.1,7.0,1.17,13.6,9,48
148,150,Danijel Petković,me MNE,GK,Angers,fr Ligue 1,28,1993,15,15,1350,15.0,22,1.47,65,45,69.2,3,3,9,2,13.3,2,2,0,0,0.0,0.0,1.0,2.0,19.0,0.27,-1.0,-0.07,39.0,126.0,31.0,333.0,93.0,22.8,29.8,120.0,41.7,37.1,198.0,15.0,7.6,16.0,1.07,13.2,50,75
149,151,Jordan Pickford,eng ENG,GK,Everton,eng Premier League,27,1994,35,35,3150,35.0,58,1.66,170,116,66.5,10,6,19,7,20.0,1,1,0,0,0.0,2.0,10.0,4.0,51.7,0.31,-2.3,-0.07,272.0,782.0,34.8,873.0,119.0,64.6,46.4,267.0,81.6,60.5,518.0,23.0,4.4,35.0,1.0,14.9,217,563
150,152,Carlo Pinsoglio,it ITA,GK,Juventus,it Serie A,31,1990,1,0,45,0.5,1,2.0,2,1,100.0,0,0,0,0,0.0,1,1,0,0,0.0,0.0,0.0,0.0,1.1,0.08,0.1,0.29,1.0,1.0,100.0,10.0,0.0,10.0,29.6,1.0,0.0,37.0,12.0,0.0,0.0,0.0,0.0,0.0,0,1
151,153,Julian Pollersbeck,de GER,GK,Lyon,fr Ligue 1,26,1994,6,4,436,4.8,6,1.24,25,19,92.0,3,0,1,1,25.0,4,4,0,0,0.0,0.0,1.0,0.0,7.5,0.14,1.5,0.31,13.0,35.0,37.1,140.0,25.0,20.0,27.1,34.0,20.6,27.0,47.0,1.0,2.1,7.0,1.44,17.4,7,28
152,154,Nick Pope,eng ENG,GK,Burnley,eng Premier League,29,1992,36,36,3240,36.0,47,1.31,165,119,74.5,7,14,15,9,25.0,5,5,0,0,0.0,1.0,6.0,1.0,44.3,0.25,-1.7,-0.05,319.0,807.0,39.5,793.0,147.0,69.2,46.2,283.0,91.2,61.2,605.0,46.0,7.6,80.0,2.22,17.4,258,548
153,155,Gaëtan Poussin,fr FRA,GK,Bordeaux,fr Ligue 1,22,1999,13,13,1170,13.0,29,2.23,61,32,55.7,3,5,5,2,15.4,4,2,2,0,50.0,0.0,5.0,2.0,20.4,0.27,-6.6,-0.51,75.0,198.0,37.9,373.0,55.0,36.5,33.1,111.0,55.9,41.0,191.0,10.0,5.2,40.0,3.08,17.6,62,136
154,156,Alejandro Primo,es ESP,GK,Levante,es La Liga,17,2004,1,1,90,1.0,1,1.0,2,1,50.0,1,0,0,0,0.0,0,0,0,0,0.0,0.0,0.0,0.0,0.8,0.41,-0.2,-0.18,2.0,6.0,33.3,17.0,0.0,29.4,31.2,8.0,12.5,20.9,19.0,0.0,0.0,0.0,0.0,15.0,1,4
155,157,Ivan Provedel,it ITA,GK,Spezia,it Serie A,27,1994,31,31,2761,30.7,52,1.7,165,116,73.9,9,5,17,7,22.6,11,9,0,2,0.0,3.0,4.0,3.0,47.6,0.24,-1.4,-0.04,206.0,616.0,33.4,957.0,133.0,47.8,40.1,229.0,69.4,51.7,476.0,28.0,5.9,25.0,0.81,11.8,158,457
156,158,Ionuț Radu,ro ROU,GK,Inter,it Serie A,24,1997,1,1,90,1.0,2,2.0,3,1,33.3,0,0,1,0,0.0,0,0,0,0,0.0,0.0,0.0,0.0,1.6,0.53,-0.4,-0.41,4.0,8.0,50.0,19.0,2.0,36.8,33.3,4.0,25.0,29.8,4.0,0.0,0.0,1.0,1.0,16.0,1,6
157,159,Boris Radunović,rs SRB,GK,Cagliari,it Serie A,25,1996,3,3,270,3.0,5,1.67,17,11,76.5,0,2,1,1,33.3,2,1,1,0,50.0,1.0,0.0,0.0,6.4,0.26,1.4,0.46,22.0,62.0,35.5,72.0,10.0,54.2,41.5,28.0,82.1,51.1,42.0,1.0,2.4,1.0,0.33,13.8,22,39
158,160,Predrag Rajković,rs SRB,GK,Reims,fr Ligue 1,25,1995,38,38,3420,38.0,44,1.16,161,116,75.8,11,13,14,11,28.9,7,5,1,1,16.7,2.0,8.0,0.0,42.9,0.24,-1.1,-0.03,151.0,479.0,31.5,975.0,217.0,35.5,34.7,285.0,46.7,38.8,645.0,37.0,5.7,53.0,1.39,14.8,133,346
159,161,Diant Ramaj,de GER,GK,Eint Frankfurt,de Bundesliga,19,2001,1,1,90,1.0,1,1.0,4,3,75.0,0,1,0,0,0.0,0,0,0,0,0.0,0.0,0.0,0.0,1.0,0.25,0.0,-0.01,4.0,14.0,28.6,37.0,6.0,32.4,31.6,4.0,50.0,40.0,24.0,3.0,12.5,3.0,3.0,14.8,2,11
160,162,Aaron Ramsdale,eng ENG,GK,Arsenal,eng Premier League,23,1998,34,34,3060,34.0,39,1.15,128,90,73.4,21,3,10,12,35.3,6,5,0,1,0.0,0.0,3.0,1.0,38.2,0.26,0.2,0.0,134.0,480.0,27.9,993.0,162.0,34.8,33.2,181.0,74.0,55.1,414.0,26.0,6.3,60.0,1.76,16.4,133,345
161,163,Nicola Ravaglia,it ITA,GK,Sampdoria,it Serie A,32,1988,1,0,5,0.1,1,18.0,1,0,100.0,0,0,0,0,0.0,1,1,0,0,0.0,0.0,0.0,0.0,1.0,0.0,0.0,-0.25,2.0,4.0,50.0,2.0,0.0,100.0,57.0,2.0,100.0,65.5,1.0,0.0,0.0,0.0,0.0,0.0,2,2
162,164,David Raya,es ESP,GK,Brentford,eng Premier League,25,1995,24,24,2160,24.0,27,1.13,103,76,77.7,10,5,9,8,33.3,4,4,0,0,0.0,1.0,3.0,0.0,26.2,0.22,-0.8,-0.03,225.0,527.0,42.7,876.0,118.0,44.4,36.2,202.0,68.3,49.9,402.0,27.0,6.7,35.0,1.46,15.8,137,388
163,165,Manolo Reina,es ESP,GK,Mallorca,es La Liga,36,1985,21,21,1890,21.0,26,1.24,75,49,68.0,6,9,6,8,38.1,3,2,1,0,33.3,0.0,1.0,1.0,27.2,0.32,2.2,0.11,140.0,357.0,39.2,453.0,67.0,53.9,40.5,188.0,60.1,43.9,333.0,14.0,4.2,9.0,0.43,11.6,112,244
164,166,Pepe Reina,es ESP,GK,Lazio,it Serie A,38,1982,15,15,1350,15.0,29,1.93,60,31,58.3,6,4,5,2,13.3,5,4,0,1,0.0,0.0,2.0,0.0,23.7,0.33,-5.3,-0.36,66.0,133.0,49.6,429.0,73.0,24.2,29.8,99.0,29.3,30.1,186.0,10.0,5.4,10.0,0.67,13.7,29,103
165,167,Álex Remiro,es ESP,GK,Real Sociedad,es La Liga,26,1995,35,35,3150,35.0,32,0.91,112,79,75.0,15,11,9,19,54.3,5,4,1,0,20.0,1.0,5.0,0.0,31.4,0.24,-0.6,-0.02,195.0,466.0,41.8,1015.0,125.0,32.6,32.9,241.0,56.0,45.1,465.0,18.0,3.9,48.0,1.37,16.4,134,330
166,170,Manuel Riemann,de GER,GK,Bochum,de Bundesliga,32,1988,31,31,2790,31.0,45,1.45,155,112,72.9,10,6,15,7,22.6,6,3,2,1,40.0,1.0,3.0,4.0,41.4,0.27,2.4,0.08,464.0,1004.0,46.2,1353.0,99.0,62.0,43.6,243.0,67.9,48.5,411.0,27.0,6.6,71.0,2.37,19.5,164,838
167,171,Leonardo Román,es ESP,GK,Mallorca,es La Liga,21,2000,2,2,180,2.0,5,2.5,14,10,71.4,0,0,2,0,0.0,1,1,0,0,0.0,0.0,0.0,1.0,3.6,0.17,-0.4,-0.18,9.0,27.0,33.3,51.0,7.0,39.2,34.2,16.0,43.8,36.6,36.0,1.0,2.8,5.0,2.5,18.9,7,19
168,172,Sergio Romero,ar ARG,GK,Venezia,it Serie A,34,1987,16,16,1440,16.0,33,2.06,105,74,74.3,3,4,9,3,18.8,6,6,0,0,0.0,0.0,1.0,2.0,30.8,0.25,-0.2,-0.01,90.0,236.0,38.1,443.0,100.0,38.6,34.6,142.0,45.8,38.8,265.0,14.0,5.3,11.0,0.69,11.8,65,170
169,173,Francesco Rossi,it ITA,GK,Atalanta,it Serie A,30,1991,1,0,37,0.4,1,2.43,2,1,50.0,0,0,0,0,0.0,0,0,0,0,0.0,0.0,0.0,0.0,1.0,0.52,0.0,0.11,2.0,6.0,33.3,12.0,0.0,41.7,37.8,4.0,25.0,39.3,3.0,0.0,0.0,0.0,0.0,18.0,1,5
170,174,John Ruddy,eng ENG,GK,Wolves,eng Premier League,34,1986,2,1,135,1.5,3,2.0,7,4,57.1,0,1,0,0,0.0,0,0,0,0,0.0,0.0,1.0,0.0,2.9,0.42,-0.1,-0.05,1.0,11.0,9.1,19.0,4.0,42.1,36.1,14.0,21.4,28.5,13.0,1.0,7.7,1.0,0.67,14.2,2,7
171,175,Gerónimo Rulli,ar ARG,GK,Villarreal,es La Liga,29,1992,32,32,2880,32.0,28,0.87,100,72,75.0,14,9,9,14,43.8,4,3,1,0,25.0,0.0,2.0,1.0,28.2,0.25,1.2,0.04,131.0,333.0,39.3,1073.0,161.0,23.1,29.7,214.0,39.7,37.4,478.0,22.0,4.6,52.0,1.63,16.5,84,247
172,176,Mathew Ryan,au AUS,GK,Real Sociedad,es La Liga,29,1992,3,3,270,3.0,5,1.67,15,10,73.3,2,0,1,1,33.3,1,1,0,0,0.0,0.0,3.0,0.0,4.1,0.21,-0.9,-0.31,16.0,55.0,29.1,88.0,14.0,47.7,39.4,19.0,68.4,46.6,57.0,3.0,5.3,3.0,1.0,13.7,12,41
173,177,Frederik Rønnow,dk DEN,GK,Union Berlin,de Bundesliga,28,1992,7,7,630,7.0,5,0.71,18,14,72.2,5,2,0,2,28.6,0,0,0,0,0.0,0.0,0.0,1.0,3.4,0.19,-0.6,-0.09,43.0,122.0,35.2,213.0,28.0,45.1,36.3,43.0,60.5,45.2,83.0,11.0,13.3,3.0,0.43,10.2,26,96
174,178,José Sá,pt POR,GK,Wolves,eng Premier League,28,1993,37,37,3285,36.5,40,1.1,160,121,80.6,15,5,17,11,29.7,10,9,0,1,0.0,1.0,1.0,1.0,46.3,0.24,7.3,0.2,121.0,412.0,29.4,844.0,216.0,35.4,34.7,261.0,43.3,36.9,549.0,43.0,7.8,40.0,1.1,13.3,113,298
175,179,Romain Salin,fr FRA,GK,Rennes,fr Ligue 1,37,1984,1,1,90,1.0,2,2.0,3,1,33.3,0,0,1,0,0.0,0,0,0,0,0.0,0.0,0.0,0.0,1.5,0.49,-0.5,-0.53,4.0,7.0,57.1,30.0,8.0,23.3,31.2,3.0,0.0,14.3,11.0,0.0,0.0,1.0,1.0,21.5,0,6
176,180,Robert Sánchez,es ESP,GK,Brighton,eng Premier League,23,1997,37,37,3329,37.0,42,1.14,141,99,72.3,12,15,10,11,29.7,4,3,0,1,0.0,1.0,5.0,0.0,40.9,0.28,-1.1,-0.03,158.0,561.0,28.2,1285.0,186.0,31.9,33.0,234.0,64.5,48.9,517.0,60.0,11.6,36.0,0.97,12.9,150,409
177,181,Giacomo Satalino,it ITA,GK,Sassuolo,it Serie A,22,1999,1,0,8,0.1,0,0.0,1,1,100.0,0,0,0,0,0.0,0,0,0,0,0.0,0.0,0.0,0.0,0.8,0.76,0.8,7.56,0.0,0.0,0.0,0.0,0.0,0.0,0.0,1.0,0.0,22.0,1.0,0.0,0.0,0.0,0.0,0.0,0,0
178,182,Kasper Schmeichel,dk DEN,GK,Leicester City,eng Premier League,34,1986,37,37,3330,37.0,58,1.57,187,128,72.7,13,10,14,7,18.9,9,7,2,0,22.2,1.0,14.0,1.0,55.5,0.26,-1.5,-0.04,194.0,486.0,39.9,999.0,166.0,36.0,34.1,291.0,43.3,37.5,533.0,15.0,2.8,38.0,1.03,14.8,126,359
179,183,Marvin Schwäbe,de GER,GK,Köln,de Bundesliga,26,1995,21,21,1890,21.0,28,1.33,98,70,71.4,10,4,7,3,14.3,1,0,1,0,100.0,2.0,3.0,1.0,31.4,0.31,4.4,0.21,107.0,251.0,42.6,854.0,88.0,23.5,28.8,144.0,34.7,35.2,283.0,9.0,3.2,15.0,0.71,13.6,49,200
180,184,Alexander Schwolow,de GER,GK,Hertha BSC,de Bundesliga,29,1992,25,25,2175,24.2,51,2.11,123,72,62.6,7,5,13,4,16.0,5,5,0,0,0.0,1.0,6.0,0.0,42.2,0.31,-8.8,-0.36,126.0,333.0,37.8,621.0,125.0,32.9,33.0,204.0,63.2,48.2,404.0,17.0,4.2,32.0,1.32,15.0,128,204
181,185,Matz Sels,be BEL,GK,Strasbourg,fr Ligue 1,29,1992,37,37,3330,37.0,43,1.16,130,88,70.0,16,12,9,13,35.1,4,4,0,0,0.0,0.0,5.0,1.0,35.0,0.24,-7.0,-0.19,164.0,401.0,40.9,718.0,145.0,39.1,34.3,239.0,50.2,40.6,476.0,13.0,2.7,39.0,1.05,13.7,119,280
182,186,Adrian Šemper,hr CRO,GK,Genoa,it Serie A,23,1998,1,1,90,1.0,1,1.0,4,3,75.0,0,0,1,0,0.0,0,0,0,0,0.0,0.0,0.0,0.0,0.9,0.28,-0.1,-0.06,6.0,21.0,28.6,30.0,3.0,50.0,38.5,7.0,85.7,52.0,14.0,2.0,14.3,0.0,0.0,11.2,5,15
183,187,Luigi Sepe,it ITA,GK,Salernitana,it Serie A,30,1991,16,16,1392,15.5,24,1.55,78,54,73.1,4,8,4,1,6.3,3,3,0,0,0.0,0.0,1.0,0.0,24.6,0.28,0.6,0.04,166.0,320.0,51.9,433.0,45.0,54.7,40.8,130.0,63.8,46.4,235.0,10.0,4.3,13.0,0.84,16.0,82,236
184,188,Rui Silva,pt POR,GK,Betis,es La Liga,27,1994,22,21,1964,21.8,21,0.96,76,55,75.0,11,4,6,8,38.1,2,2,0,0,0.0,0.0,2.0,0.0,20.5,0.24,-0.5,-0.02,92.0,275.0,33.5,557.0,104.0,33.8,33.1,176.0,49.4,41.6,341.0,18.0,5.3,32.0,1.47,15.7,86,188
185,189,Marco Silvestri,it ITA,GK,Udinese,it Serie A,30,1991,35,35,3150,35.0,50,1.43,141,92,68.1,10,14,11,7,20.0,7,5,0,2,0.0,0.0,4.0,1.0,45.5,0.29,-3.5,-0.1,167.0,430.0,38.8,677.0,106.0,46.1,36.7,252.0,46.8,38.4,462.0,16.0,3.5,10.0,0.29,11.0,117,312
186,190,Unai Simón,es ESP,GK,Athletic Club,es La Liga,24,1997,34,34,3060,34.0,31,0.91,111,81,74.8,13,11,10,12,35.3,3,3,0,0,0.0,0.0,2.0,1.0,31.9,0.26,1.9,0.06,145.0,371.0,39.1,692.0,189.0,35.5,33.8,243.0,51.4,42.3,529.0,29.0,5.5,35.0,1.03,15.2,124,245
187,191,Tobias Sippel,de GER,GK,M'Gladbach,de Bundesliga,33,1988,1,1,90,1.0,1,1.0,3,2,66.7,0,1,0,0,0.0,0,0,0,0,0.0,0.0,0.0,0.0,0.4,0.12,-0.6,-0.64,6.0,13.0,46.2,41.0,4.0,24.4,29.5,6.0,50.0,51.8,18.0,0.0,0.0,0.0,0.0,8.0,3,10
188,192,Salvatore Sirigu,it ITA,GK,Genoa,it Serie A,34,1987,37,37,3330,37.0,59,1.59,180,122,69.4,4,16,17,10,27.0,5,4,1,0,20.0,3.0,7.0,2.0,50.6,0.26,-6.4,-0.17,257.0,605.0,42.5,916.0,100.0,46.3,36.6,263.0,68.8,45.9,476.0,14.0,2.9,20.0,0.54,12.9,180,424
189,193,Antonio Sivera,es ESP,GK,Alavés,es La Liga,24,1996,4,3,277,3.1,4,1.3,16,12,81.3,0,1,2,1,33.3,1,1,0,0,0.0,0.0,1.0,0.0,5.9,0.31,1.9,0.62,29.0,69.0,42.0,67.0,9.0,61.2,44.9,40.0,70.0,51.5,66.0,2.0,3.0,3.0,0.97,14.6,28,41
190,194,Łukasz Skorupski,pl POL,GK,Bologna,it Serie A,30,1991,36,36,3240,36.0,53,1.47,174,122,74.1,11,9,16,12,33.3,9,8,1,0,11.1,1.0,3.0,2.0,53.3,0.26,2.3,0.06,193.0,459.0,42.0,956.0,164.0,39.1,34.0,294.0,28.9,26.6,498.0,27.0,5.4,14.0,0.39,11.3,84,373
191,195,Yann Sommer,ch SUI,GK,M'Gladbach,de Bundesliga,32,1988,33,33,2970,33.0,60,1.82,182,120,68.7,12,8,13,5,15.2,5,3,2,0,40.0,1.0,5.0,0.0,57.0,0.3,-3.0,-0.09,147.0,439.0,33.5,1213.0,162.0,28.9,31.3,221.0,39.8,37.2,428.0,19.0,4.4,53.0,1.66,16.2,87,350
192,196,David Soria,es ESP,GK,Getafe,es La Liga,28,1993,38,38,3414,37.9,41,1.08,132,91,70.5,8,15,15,13,34.2,4,2,1,1,33.3,0.0,5.0,1.0,40.9,0.29,0.9,0.02,366.0,863.0,42.4,888.0,101.0,69.4,46.6,292.0,84.6,54.1,571.0,25.0,4.4,45.0,1.19,15.0,247,616
193,197,Marco Sportiello,it ITA,GK,Atalanta,it Serie A,29,1992,5,5,450,5.0,5,1.0,18,13,83.3,0,3,2,2,40.0,2,2,0,0,0.0,0.0,1.0,0.0,5.6,0.2,0.6,0.12,8.0,33.0,24.2,107.0,33.0,14.0,26.0,28.0,64.3,47.0,45.0,1.0,2.2,4.0,0.8,13.9,18,14
194,198,Jason Steele,eng ENG,GK,Brighton,eng Premier League,30,1990,1,1,90,1.0,2,2.0,5,3,60.0,0,0,1,0,0.0,0,0,0,0,0.0,0.0,1.0,0.0,1.6,0.33,-0.4,-0.37,2.0,6.0,33.3,32.0,2.0,9.4,23.9,6.0,50.0,40.0,16.0,0.0,0.0,0.0,0.0,9.3,3,3
195,199,Jed Steer,eng ENG,GK,Aston Villa,eng Premier League,28,1992,1,1,90,1.0,3,3.0,4,1,25.0,0,0,1,0,0.0,0,0,0,0,0.0,0.0,0.0,0.0,2.2,0.55,-0.8,-0.81,3.0,11.0,27.3,32.0,7.0,28.1,30.4,6.0,33.3,31.2,11.0,1.0,9.1,1.0,1.0,16.3,1,8
196,200,Zack Steffen,us USA,GK,Manchester City,eng Premier League,26,1995,1,1,90,1.0,0,0.0,2,2,100.0,1,0,0,1,100.0,0,0,0,0,0.0,0.0,0.0,0.0,0.1,0.07,0.1,0.15,1.0,6.0,16.7,32.0,6.0,15.6,23.4,7.0,14.3,19.3,10.0,0.0,0.0,3.0,3.0,16.6,1,4
197,201,Thomas Strakosha,al ALB,GK,Lazio,it Serie A,26,1995,23,23,2070,23.0,29,1.26,86,58,67.4,12,6,5,7,30.4,1,1,0,0,0.0,1.0,3.0,1.0,28.6,0.32,0.6,0.03,79.0,161.0,49.1,618.0,92.0,22.2,28.5,119.0,20.2,23.6,283.0,11.0,3.9,16.0,0.7,14.5,24,137
198,202,Wojciech Szczęsny,pl POL,GK,Juventus,it Serie A,31,1990,33,33,2970,33.0,29,0.88,105,73,75.2,18,9,6,12,36.4,6,3,3,0,50.0,2.0,5.0,0.0,30.6,0.24,1.6,0.05,124.0,273.0,45.4,836.0,159.0,26.6,30.8,172.0,29.7,31.5,481.0,24.0,5.0,25.0,0.76,13.5,51,222
199,203,Ciprian Tătărușanu,ro ROU,GK,Milan,it Serie A,35,1986,6,6,540,6.0,10,1.67,24,14,66.7,4,1,1,1,16.7,3,2,1,0,33.3,0.0,1.0,1.0,8.9,0.25,-0.1,-0.02,33.0,74.0,44.6,168.0,14.0,36.3,33.3,36.0,36.1,35.0,82.0,6.0,7.3,3.0,0.5,12.5,12,60
200,204,Marc-André ter Stegen,de GER,GK,Barcelona,es La Liga,29,1992,35,35,3150,35.0,34,0.97,109,74,70.6,19,9,7,11,31.4,3,2,1,0,33.3,0.0,6.0,0.0,30.1,0.26,-3.9,-0.11,130.0,255.0,51.0,1072.0,147.0,17.6,26.9,205.0,32.2,33.9,342.0,15.0,4.4,34.0,0.97,15.3,66,188
201,205,Pietro Terracciano,it ITA,GK,Fiorentina,it Serie A,31,1990,32,31,2862,31.8,43,1.35,100,58,59.0,16,5,10,9,29.0,3,2,1,0,33.3,0.0,2.0,2.0,31.6,0.29,-9.4,-0.29,197.0,464.0,42.5,1356.0,141.0,29.8,32.2,170.0,35.3,33.7,291.0,22.0,7.6,51.0,1.6,16.7,60,404
202,206,Kevin Trapp,de GER,GK,Eint Frankfurt,de Bundesliga,31,1990,32,32,2880,32.0,46,1.44,157,112,73.2,10,11,11,5,15.6,4,4,0,0,0.0,0.0,3.0,1.0,50.8,0.3,5.8,0.18,157.0,539.0,29.1,1001.0,146.0,41.8,34.6,250.0,48.4,42.6,426.0,19.0,4.5,43.0,1.34,16.4,121,418
203,207,Philipp Tschauner,de GER,GK,RB Leipzig,de Bundesliga,35,1985,1,0,3,0.0,0,0.0,0,0,0.0,0,0,0,1,0.0,0,0,0,0,0.0,0.0,0.0,0.0,0.0,0.0,0.0,0.0,1.0,2.0,50.0,5.0,0.0,40.0,36.4,0.0,0.0,0.0,0.0,0.0,0.0,0.0,0.0,0.0,0,2
204,208,Sven Ulreich,de GER,GK,Bayern Munich,de Bundesliga,32,1988,6,6,540,6.0,11,1.83,23,13,56.5,2,1,3,1,16.7,1,1,0,0,0.0,1.0,1.0,1.0,8.7,0.34,-1.3,-0.22,10.0,32.0,31.3,197.0,31.0,14.2,25.2,38.0,10.5,20.2,54.0,3.0,5.6,10.0,1.67,19.2,3,27
205,209,Benjamin Uphoff,de GER,GK,Freiburg,de Bundesliga,27,1993,2,2,180,2.0,7,3.5,12,5,41.7,0,1,1,0,0.0,0,0,0,0,0.0,0.0,2.0,0.0,3.0,0.25,-4.0,-2.01,22.0,51.0,43.1,70.0,14.0,44.3,34.4,20.0,100.0,63.2,34.0,4.0,11.8,1.0,0.5,6.3,20,31
206,210,Rúben Vezo,pt POR,DF,Levante,es La Liga,27,1994,1,1,4,26.9,0,0.0,0,0,0.0,0,0,0,0,0.0,0,0,0,0,0.0,0.0,0.0,0.0,0.0,0.0,0.0,0.0,2.0,4.0,50.0,3.0,0.0,100.0,57.0,1.0,100.0,65.0,4.0,0.0,0.0,0.0,0.0,0.0,1,3
207,211,Guglielmo Vicario,it ITA,GK,Empoli,it Serie A,24,1996,38,38,3420,38.0,70,1.84,216,150,69.9,10,11,17,7,18.4,10,5,2,3,28.6,1.0,5.0,6.0,65.2,0.28,1.2,0.03,133.0,386.0,34.5,1066.0,215.0,26.2,29.5,257.0,41.6,37.5,602.0,35.0,5.8,38.0,1.0,13.9,106,279
208,212,Danny Ward,wls WAL,GK,Leicester City,eng Premier League,28,1993,1,1,90,1.0,1,1.0,5,4,80.0,1,0,0,0,0.0,0,0,0,0,0.0,0.0,1.0,0.0,1.4,0.28,0.4,0.42,2.0,5.0,40.0,26.0,8.0,19.2,25.8,7.0,0.0,19.3,18.0,1.0,5.6,1.0,1.0,10.7,0,4
209,213,Freddie Woodman,eng ENG,GK,Newcastle Utd,eng Premier League,24,1997,4,4,360,4.0,12,3.0,22,9,54.5,0,1,3,0,0.0,3,2,1,0,33.3,0.0,0.0,0.0,8.8,0.29,-3.2,-0.8,23.0,66.0,34.8,79.0,11.0,50.6,38.1,39.0,66.7,47.9,55.0,3.0,5.5,0.0,0.0,7.8,26,39
210,214,Robin Zentner,de GER,GK,Mainz 05,de Bundesliga,26,1994,32,32,2880,32.0,42,1.31,120,78,68.3,12,6,14,10,31.3,5,4,1,0,20.0,0.0,4.0,1.0,39.0,0.29,-2.0,-0.06,119.0,389.0,30.6,766.0,166.0,36.9,34.4,236.0,44.9,39.4,423.0,29.0,6.9,68.0,2.13,17.9,105,282
211,215,Luca Zidane,fr FRA,GK,Rayo Vallecano,es La Liga,23,1998,8,8,645,7.2,13,1.81,37,24,64.9,0,1,7,0,0.0,0,0,0,0,0.0,0.0,1.0,0.0,12.0,0.33,-1.0,-0.14,42.0,94.0,44.7,178.0,42.0,36.0,34.6,53.0,56.6,46.6,90.0,9.0,10.0,6.0,0.84,11.0,29,64
212,216,Jeroen Zoet,nl NED,GK,Spezia,it Serie A,30,1991,7,7,630,7.0,19,2.71,43,23,58.1,1,1,5,0,0.0,2,1,1,0,50.0,0.0,3.0,0.0,13.1,0.26,-5.9,-0.84,20.0,69.0,29.0,182.0,41.0,26.9,30.7,54.0,37.0,37.4,95.0,2.0,2.1,6.0,0.86,16.4,19,48
213,217,Petar Zovko,ba BIH,GK,Spezia,it Serie A,19,2002,1,0,29,0.3,0,0.0,0,0,0.0,0,0,0,0,0.0,0,0,0,0,0.0,0.0,0.0,0.0,0.0,0.0,0.0,0.0,1.0,4.0,25.0,8.0,3.0,37.5,35.9,2.0,50.0,35.0,4.0,0.0,0.0,2.0,6.21,28.5,1,3
214,0,Paul Bernardoni,fr FRA,GK,Angers+Saint-Étienne,fr Ligue 1,24,1997,32,32,2880,32.0,56,1.75,139,85,61.0,9,10,13,7,22.0,8,8,0,0,0.0,3.0,11.0,2.0,47.3,0.34,-6.7,-0.21,133.0,415.0,32.0,684.0,205.0,39.0,34.4,234.0,61.0,44.15,390.0,40.0,10.0,70.0,2.19,15.7,143,270
215,1,Sergio Rico,es ESP,GK,Mallorca+Paris S-G,es La Liga+fr Ligue 1,27,1993,15,14,1283,14.3,30,2.1,60,31,52.0,4,0,10,1,7.000000000000001,4,3,1,0,25.0,0.0,4.0,2.0,21.599999999999998,0.36,-6.3999999999999995,-0.45,94.0,202.0,47.0,277.0,51.0,51.0,35.4,90.0,67.0,24.2,199.0,2.0,1.0,7.0,0.49,18.05,60,141
